class,nodes,distance
1,49086487,101.993
1,49086490,0
1,49414549,1624.815
1,49414559,1512.537
1,49414570,1719.534
1,49283718,3522.215
1,49283721,3327.498
1,49283722,3293.583
1,49283723,3207.516
1,49283720,3411.898
1,49283725,2882.941
1,49283728,2359.989
1,49087209,3285.841
1,49414913,3126.545
1,49349385,2357.58
1,49087347,2777.187
1,49087352,2900.961
1,49152890,2747.029
1,49087353,2954.662
1,49087360,2819.571
1,49087361,2877.298
1,49152946,2847.854
1,49152962,3125.977
1,49152992,3596.066
1,49152994,3572.597
1,49152998,3495.528
1,533005871,2549.406
1,48891540,2759.896
1,49416064,2707.542
1,49350919,3569.129
1,49023246,2970.823
1,48957726,2762.01
1,48957727,2779.813
1,49089271,1994.719
1,49089272,2106.751
1,49154856,210.076
1,49154858,162.855
1,49417399,3323.354
1,2138443115,3207.485
1,2138443122,3043.049
1,1283132851,3287.075
1,1283133077,3148.576
1,49614493,2494.062
1,49614503,2566.373
1,49090652,2678.815
1,49680605,3479.4
1,49484006,3150.436
1,49090909,3059.199
1,49090911,3417.201
1,49549913,1539.292
1,49091237,3598.091
1,49091239,3387.363
1,49091247,2476.343
1,49091251,2156.17
1,49091256,1476.243
1,49091257,1151.165
1,49091260,596.826
1,49091261,505.201
1,49091266,715.323
1,49091272,1003.306
1,49091278,1162.448
1,49091280,1426.608
1,5717097829,2047.137
1,5751290548,2468.391
1,49222631,3221.065
1,49157206,1939.595
1,49157215,2341.858
1,49092154,3034.005
1,49092155,2973.202
1,49092156,2768.037
1,49092164,3274.301
1,49092165,3307.022
1,49092169,2264.591
1,49092181,2260.256
1,49616502,3133.844
1,49616510,3416.333
1,49551050,2499.566
1,49419991,3475.675
1,49420004,3185.311
1,49420018,2914.2
1,49420045,1471.916
1,49420047,1373.625
1,2138445603,2791.529
1,2138445605,2807.5
1,2138445642,2750.623
1,2138445649,2682.636
1,2138445673,2729.871
1,4792457190,3289.422
1,49224581,1831.843
1,49224583,2196.626
1,49224591,2024.153
1,49224599,1859.707
1,49224601,1786.209
1,49224610,2876.156
1,49224726,2485.355
1,49224732,2316.305
1,49224735,2231.7
1,49224739,2146.58
1,49224746,1892.075
1,49224750,1806.926
1,49224752,1656.595
1,49224754,1509.085
1,49224756,1620.632
1,49224758,1724.82
1,49224768,1939.95
1,49224774,2174.96
1,49224777,2335.446
1,49224784,2261.882
1,4602338499,3587.163
1,49487119,1382.686
1,1336352096,1971.902
1,1336352097,1820.47
1,1336352100,1854.807
1,1336352102,2490.179
1,1336352105,1892.614
1,1336352113,2197.605
1,49094158,3019.327
1,49094163,3361.026
1,347414120,2231.913
1,2138447534,2806.288
1,2138447539,2863.499
1,2138447540,2662.74
1,2138447541,2623.634
1,2138447559,2586.009
1,2138447561,2616.779
1,49290993,2779.846
1,49291009,3097.249
1,49291016,3049.539
1,49618729,3101.787
1,3352829888,2451.833
1,49094780,2431.642
1,49094788,2636.568
1,49160548,3204.987
1,49160549,3298.322
1,49160551,3358.851
1,49160554,3182.744
1,49160559,3258.483
1,49291657,3161.625
1,49488282,2581.47
1,49488294,2851.794
1,49488317,3108.154
1,49422811,3222.25
1,49422820,3448.216
1,296872481,2854.774
1,49095231,3045.045
1,49619564,1169.926
1,2139628457,2352.328
1,2139628461,2360.113
1,49161149,3072.759
1,49292888,3482.77
1,49227788,3259.448
1,49227789,3298.06
1,49096759,3361.544
1,49096761,3347.502
1,49358966,2806.489
1,49358972,3222.564
1,49358974,2769.472
1,2853906798,1750.309
1,49359421,2644.284
1,49359423,2056.121
1,49359456,2931.274
1,49687281,81.178
1,2138450863,2618.472
1,2138450883,2653.254
1,49360034,3089.893
1,49360039,2885.921
1,49360045,2808.282
1,49360051,2696.571
1,49098049,3484.255
1,49098050,3275.2
1,49098051,3479.512
1,5896482236,2455.651
1,49557121,1988.115
1,2853908208,2922.082
1,4625674053,2161.555
1,49098574,3290.674
1,49098576,2944.917
1,49098575,3014.148
1,3317903216,3085.597
1,1397239693,3473.959
1,1397239744,3242.578
1,1397239756,3536.04
1,1397239773,3153.616
1,1397239777,3048.787
1,49426694,3515.971
1,3586143008,3196.085
1,49230900,2450.277
1,49230906,2493.677
1,49230908,2672.77
1,49230919,2883.989
1,49230920,2959.649
1,49230924,3016.879
1,49427863,2714.026
1,49427873,2157.289
1,3317904828,2426.461
1,49034719,681.036
1,49034721,708.761
1,5717308912,2803.348
1,5717308916,2775.763
1,49690281,3367.946
1,49100701,1698.361
1,49362908,2470.136
1,49362910,2503.191
1,49362911,2650.868
1,49362914,1687.027
1,49362915,1570.017
1,49362916,2003.846
1,49362917,2189.814
1,49100844,2555.672
1,49100849,2253.498
1,49101542,1928.351
1,1190476703,3077.783
1,1190476715,3276.378
1,1190476717,3142.406
1,1190476724,3076.103
1,1190476726,3425.859
1,1190476730,3178.81
1,1190476736,3374.201
1,1190476823,3473.428
1,1190476826,3570.406
1,49233366,3599.267
1,49299172,3554.246
1,49299173,3439.325
1,49299179,3163.573
1,49299185,3005.34
1,49299201,2264.952
1,49299202,2326.494
1,49299213,2618.015
1,49299218,1916.252
1,49299222,1735.369
1,49299226,1857.071
1,49299245,1388.897
1,49299246,1342.904
1,49299250,1011.602
1,49299251,955.852
1,49299276,1168.002
1,49299362,3145.954
1,49299364,3029.357
1,49299368,2827.67
1,49299378,2565.561
1,49561683,2921.446
1,49365312,3462.72
1,49365314,3052.338
1,49365318,2564.227
1,49365320,2676.009
1,380060049,2996.76
1,49627978,3060.319
1,49235024,3289.335
1,49235025,3196.709
1,49235027,3146.82
1,49235029,3100.744
1,49235033,2977.362
1,49235044,3139.465
1,49235052,3241.801
1,49104054,3205.917
1,49104055,3295.398
1,49104056,3437.308
1,49104057,3533.711
1,49759480,2476.905
1,49497392,3428.41
1,49038793,3021.162
1,49038796,3158.313
1,49038851,3116.604
1,49039332,2374.179
1,49039556,2253.661
1,49236482,3334.265
1,49695588,3166.086
1,49564571,1771.802
1,49564573,1833.067
1,49630126,1222.982
1,49302459,1576.836
1,49433959,2679.968
1,49433960,2622.699
1,49106735,2623.781
1,49106746,2982.993
1,49106749,3046.044
1,49631212,2506.36
1,49631222,1950.451
1,49696825,1977.138
1,49107012,1855.234
1,49107017,1982.356
1,49107023,2063.341
1,49631405,3447.411
1,49631411,3095.819
1,49631413,3190.004
1,3264303399,3594.942
1,49041799,3318.554
1,49631867,2639.814
1,49631873,3005.211
1,49631922,3393.797
1,49658548,3130.953
1,49304461,3178.325
1,49304464,3105.707
1,48976806,2420.54
1,48976807,2431.224
1,49566748,1784.132
1,49042819,2930.2
1,49042820,2917.096
1,49108357,3483.912
1,49108358,3553.82
1,49108558,3071.833
1,49501894,3381.718
1,49501896,3325.651
1,49502029,2543.299
1,49502032,1669.782
1,49174537,3445.613
1,49568151,2770.353
1,49240593,2700.708
1,49240594,2745.848
1,49371683,2503.459
1,49044163,2193.153
1,49044164,2244.419
1,49109701,3134.427
1,49109700,3249.448
1,5531917032,2430.14
1,49306353,3585.5
1,49306361,3546.206
1,49437531,3399.429
1,49437534,2824.197
1,49437540,2729.247
1,49437552,3400.687
1,49437556,3006.583
1,49699942,3102.659
1,49569327,3061.563
1,49242502,2345.663
1,49242503,2299.258
1,49766844,3242.561
1,2138464907,3387.314
1,2138464928,2788.566
1,2138464946,2160.909
1,2138464952,1859.322
1,2138464954,1772.477
1,2138464995,1847
1,2138465000,2089.378
1,2138465048,1847.414
1,49308522,2782.95
1,49308535,2977.754
1,49308541,3210.981
1,2138465578,2476.78
1,2138465579,2622.096
1,2138465580,2677.995
1,49112607,2234.857
1,49112608,2281.09
1,49309299,1802.205
1,49309302,1765.695
1,49571467,3111.521
1,4342965927,2283.705
1,2138466240,2701.429
1,49178628,3533.085
1,49113163,2495.539
1,49047631,3354.825
1,49047632,3236.436
1,49047633,3286.272
1,49113165,2639.184
1,49113166,2670.666
1,49113168,2879.608
1,1607100540,2047.358
1,1607100543,2092.578
1,4589709684,1320.325
1,4589709685,1460.012
1,49310144,1454.655
1,49310149,1403.176
1,2993187413,1923.891
1,2993187414,2090.186
1,2993187415,1441.032
1,49113828,459.377
1,49113834,622.974
1,49113838,690.284
1,49113841,904.29
1,49113843,1015.571
1,49375988,3098.147
1,49113845,1133.307
1,49375990,2942.663
1,49375989,3020.358
1,49113848,1209.255
1,49113847,1180.872
1,5085555451,3005.508
1,49113892,2410.074
1,49113894,2346.741
1,49113897,2275.426
1,49113898,2278.369
1,49113902,2270.209
1,49113903,2261.147
1,49113904,2233.974
1,49113923,2222.91
1,49113925,2119.642
1,49113927,1842.85
1,49113928,1891.388
1,49113929,2603.462
1,49113933,2508.775
1,49113934,2428.434
1,49113935,1797.985
1,49113936,1889.604
1,49113937,1979.467
1,49113938,2071.513
1,49113939,2158.572
1,49113940,2222.639
1,49048434,3360.452
1,49049099,2999.694
1,49049102,3178.859
1,49049108,3330.649
1,2139647826,2137.474
1,49442656,1703.388
1,49049543,2980.592
1,2139647964,2327.774
1,2139647966,2332.815
1,2139647986,2491.173
1,2139647995,2493.23
1,2139648013,2655.26
1,2139648015,2653.897
1,2139648022,2762.036
1,2139648025,2758.61
1,2139648038,2742.505
1,2139648055,2968.64
1,2139648059,2965.297
1,2139648062,2985.866
1,49442996,2944.163
1,49115716,1719.774
1,49115717,1448.036
1,49115719,1357.279
1,49115720,1393.336
1,49115773,3250.994
1,49115775,3196.954
1,49116226,3579.185
1,49116233,3112.493
1,49116234,3029.123
1,49116242,2604.427
1,49116243,2520.897
1,49116245,2436.985
1,49116248,2096.249
1,49116250,2010.983
1,49116253,1716.593
1,49116254,1845.001
1,49050943,3398.057
1,49575513,2661.689
1,49313536,3023.249
1,4614747939,3150.862
1,49313591,3391.639
1,49313595,2973.423
1,3456202655,2123.464
1,3456202656,2105.368
1,3456202658,1965.762
1,3456202659,2006.717
1,3456202661,2115.381
1,3456202662,2099.174
1,3456202663,2028.183
1,3456202664,2053.68
1,49379285,1320.613
1,49379292,1400.464
1,49051624,638.163
1,49051623,751.369
1,49576050,3542.187
1,49248587,3030.154
1,49248592,2915.171
1,49248601,2812.155
1,49248611,2391.963
1,49117601,2261.105
1,49117602,2183.476
1,49117603,2108.534
1,2139650497,1954.236
1,49117668,2220.207
1,49117675,1955.618
1,4343036543,3551.635
1,4343036545,3557.453
1,49576589,2888.59
1,49117945,1258.007
1,49445666,2816.27
1,49445671,2914.354
1,49445680,3106.813
1,49445687,3151.042
1,49445693,3302.657
1,1010138242,3253.875
1,49773709,2947.71
1,49643573,3378.536
1,5896372446,2503.284
1,5896372447,2437.318
1,5896372449,2245.275
1,5896372452,2146.664
1,5896372453,2329.984
1,5896372454,2141.556
1,5896372455,2347
1,5896372456,2339.467
1,49316210,3025.462
1,49316214,3203.672
1,49316240,3378.82
1,49119660,3516.986
1,49447343,3396.119
1,49119663,3430.568
1,49447346,3304.426
1,49512897,2154.444
1,49512908,2724.854
1,49512910,2848.06
1,49512912,2952.606
1,49512917,3484.192
1,49382003,763.78
1,49709748,2117.903
1,49251162,3594.036
1,49251164,3508.263
1,49251167,3425.217
1,49251171,3255.336
1,49251175,3186.287
1,49251176,3085.749
1,49054597,3439.682
1,49054598,3190.667
1,49054604,3007.048
1,49251239,2847.649
1,49251242,2802.632
1,49251244,2747.734
1,49251260,2446.009
1,49251281,3057.195
1,49251288,3211.489
1,49251292,3414.117
1,49054788,1226.404
1,49054799,1405.309
1,49054809,1608.428
1,49054811,1669.259
1,49054812,1563.011
1,49054813,1380.866
1,49054814,2085.069
1,49054815,2050.182
1,49054817,2002.416
1,49054829,1865.537
1,49054839,1743.182
1,49054846,1625.563
1,49054847,1723.009
1,49054848,1973.941
1,49054849,1841.513
1,49054855,2258.365
1,49710232,2038.218
1,49382991,3472.151
1,49120858,3000.651
1,49120859,2797.533
1,49120861,2258.209
1,49120860,2399.594
1,49120864,2151.849
1,49383135,3145.261
1,49776473,1921.082
1,823757166,2246.125
1,49449465,1251.438
1,49515095,3574.447
1,49515098,3475.993
1,49515100,3305.915
1,49515108,2984.235
1,49515117,2544.412
1,49056514,3578.546
1,49056527,3247.094
1,49646346,2497.054
1,49646354,2731.938
1,49056534,3471.178
1,48860103,1876.9
1,48860104,1871.286
1,48860105,2399.138
1,49319230,3404.91
1,49778244,1455.827
1,5136158293,2471.407
1,5136158296,2448.566
1,49123143,2977.806
1,49123144,2876.276
1,49123145,2616.501
1,49123149,2330.797
1,49123152,2247.044
1,49123158,2034.662
1,49123159,2093.839
1,49123166,2684.608
1,49123167,2581.665
1,49123169,2403.231
1,49123172,2340.485
1,49123177,2747.716
1,49123187,3093.902
1,49123190,3223.681
1,49123191,3282.518
1,4619276312,3547.625
1,4619276313,3364.623
1,49451149,2592.633
1,49320444,2252.659
1,4343304781,2722.263
1,49779346,2531.753
1,49583024,2836.228
1,49320911,2383.427
1,49320914,2468.876
1,49320936,2625.648
1,49320960,3048.405
1,49320965,3092.238
1,49114780,2577.085
1,49114781,2382.912
1,49124782,2328.452
1,4342978447,1440.22
1,4342978449,1367.949
1,4342978451,1280.615
1,4342978455,1139.446
1,4342978458,1216.039
1,4342978461,1324.36
1,4342978462,1380.457
1,4342978463,1471.396
1,4342978464,1567.762
1,4342978466,1637.395
1,4342978469,1689.045
1,49453096,2494.874
1,2138479312,2169.515
1,2138479317,2147.518
1,2138479321,2142.636
1,2138479340,2171.222
1,49519340,892.136
1,2138479351,2295.386
1,2138479368,2306.708
1,49257252,1771.457
1,2138479441,2091.273
1,3329399672,2203.005
1,4343307690,2767.812
1,49127051,2356.23
1,3298795372,2643.486
1,49258383,3578.833
1,49061809,3218.905
1,49061810,3271.709
1,49061811,3312.661
1,49390330,3557.172
1,49193876,2702.335
1,49193879,2708.902
1,49193921,3548.614
1,49193923,3340.779
1,49193924,3138.177
1,49193927,2667.586
1,49391172,2188.485
1,49129076,2778.678
1,49129077,2754.44
1,49129078,2673.16
1,49129080,2563.62
1,49129081,2613.805
1,49129079,2630.163
1,49325749,2706.822
1,49063967,1194.411
1,49063968,1175.045
1,49063972,1103.273
1,49063974,1212.836
1,49063976,1329.181
1,49063977,1416.148
1,49063978,1508.923
1,49063979,1600.296
1,49063980,1691.56
1,49064061,2533.667
1,49064063,2480.033
1,49064064,2396.717
1,49064066,2308.065
1,49064068,2216.789
1,49064069,2133.282
1,49064071,2051.928
1,49064073,1949.905
1,49064075,1848.62
1,49064077,1748.002
1,49064079,1648.112
1,49064080,1615.281
1,49326529,3233.004
1,49261089,1220.984
1,49064984,2606.796
1,49064985,2700.938
1,49064986,2962.732
1,4586122299,1597.817
1,4586122300,1647.537
1,4586122301,1697.197
1,4586122302,1508.889
1,4586122304,1594.896
1,49393037,2762.62
1,49393038,2683.406
1,48934821,2647.24
1,48934822,2622.626
1,49131433,700.017
1,49656032,2829.907
1,49116228,3380.823
1,49116229,3282.346
1,49116231,3197.825
1,49116235,2944.581
1,49116236,2858.684
1,49116238,2776.478
1,49116240,2689.534
1,49116246,2351.447
1,5692633513,2770.966
1,5692633514,2770.699
1,5692633515,2789.15
1,49066418,2400.264
1,49066419,2363.789
1,49066420,2450.814
1,49066422,2583.365
1,49066425,2622.636
1,49066617,3311.09
1,48935639,2487.618
1,49066931,2415.058
1,49066937,2538.132
1,49067160,1004.927
1,49067162,1143.358
1,49067174,2165.706
1,49067177,2080.003
1,49460408,3372.927
1,49460412,3176.643
1,49460414,3120.352
1,49460416,3049.771
1,49460424,2869.316
1,49460434,2464.348
1,49460436,2430.435
1,49460451,1954.43
1,49460462,1648.664
1,49460465,1546.043
1,49460469,1288.213
1,49460485,1480.215
1,49460495,1730.542
1,49460520,2739.469
1,49460545,3482.242
1,49526508,3406.461
1,49526521,3267.051
1,49067879,869.325
1,49067882,1055.282
1,49067909,3273.873
1,49067916,3097.766
1,49002572,3091.374
1,49002573,3222.7
1,49264730,2292.482
1,49461454,1090.663
1,1715714574,1575.362
1,49090651,2720.82
1,2138487861,2308.001
1,2138487858,2284.342
1,5692636223,2629.221
1,5692636222,2635.873
1,5915327986,1743.1
1,49594230,2658.779
1,49659926,2925.761
1,49659940,2113.21
1,49398091,3589.211
1,49463658,3027.087
1,49463688,2931.914
1,304923271,3074.868
1,304923638,2935.664
1,49726629,3500.235
1,304923820,3383.783
1,3453732481,2358.197
1,3453732486,2222.509
1,49091279,1379.547
1,49071853,3209.506
1,49071854,3246.604
1,49260649,2059.834
1,49260653,1960.619
1,49260656,1859.114
1,49260661,1557.982
1,49260663,1458.776
1,6042797991,3157.064
1,6042797994,3463.035
1,49268650,2311.236
1,49260668,1300.295
1,49268654,2091.5
1,49268662,399.262
1,49268663,378.029
1,49268673,429.053
1,49268683,813.395
1,49260678,3097.755
1,49260679,3014.533
1,49260681,2961.77
1,49260683,2888.076
1,49260685,2792.293
1,49260686,2467.09
1,49260694,2330.419
1,49203351,1646.704
1,49203367,3242.401
1,49203376,3043.326
1,49203384,2955.716
1,49203400,2604.025
1,49203413,2297.547
1,49203423,2122.653
1,49203425,2064.934
1,49203427,1929.602
1,49203428,1863.851
1,49203430,1761.996
1,49203432,1708.623
1,49203434,1656.205
1,304728677,3589.07
1,304728704,3509.168
1,304728774,3293.998
1,49269505,2495.361
1,304728997,3226.401
1,49335446,2740.522
1,49335450,2575.219
1,49728720,3351.242
1,49466679,3113.478
1,49270113,3319.279
1,49270119,3383.007
1,49270124,3477.787
1,49270128,3560.502
1,49270130,3578.755
1,49401262,3219.998
1,49401270,3099.12
1,49401276,3054.34
1,49401278,3090.48
1,49205189,2373.135
1,1715720325,2801.726
1,1715720327,2843.363
1,1715720329,2917.613
1,1715720346,3542.907
1,49074384,2649.634
1,49074429,2518.364
1,49074430,2619.732
1,1715720448,3520.82
1,1715720457,3218.409
1,1715720465,2987.704
1,1715720468,2904.448
1,1715720472,2826.51
1,1715720474,2783.925
1,1715720512,3128.51
1,1715720515,3185.331
1,1715720528,2811.914
1,1715720529,2812.057
1,49467800,3576.582
1,49336844,3526.475
1,49336846,3318.612
1,49336853,3263.255
1,5895869043,3577.042
1,5895869044,3585.821
1,5895869050,3589.521
1,49664700,2799.978
1,400527825,2547.307
1,49010191,2247.435
1,49076138,3277.296
1,49076145,2945.957
1,49076148,2754.931
1,49076154,2511.331
1,49076156,2371.403
1,49076163,1910.78
1,49092168,2433.174
1,49092170,2061.193
1,49092171,1851.14
1,49092172,1758.484
1,49092173,2020.701
1,49092174,2212.027
1,49207473,2628.313
1,49207474,2546.295
1,49207477,2400.688
1,1336335105,2243.874
1,1715723567,3291.642
1,1715723574,3059.413
1,49077849,2856.25
1,49077851,2668.312
1,49143962,2643.014
1,49537495,2760.96
1,49078746,2969.038
1,49078748,2874.006
1,49078752,3039.706
1,49537509,2462.024
1,49379298,1418.156
1,49144649,3575.767
1,49144653,3531.161
1,49144675,3357.459
1,49144676,3309.955
1,49144679,3312.795
1,49144683,3324.745
1,49144684,3225.63
1,49144686,3196.786
1,49144688,3157.591
1,49668994,3002.164
1,49668998,3242.825
1,49144773,2991.932
1,49144775,3066.623
1,49144779,3213.628
1,49144785,3407.36
1,296870971,3361.514
1,49407201,3325.355
1,49079524,3510.169
1,49407203,3276.071
1,49079531,3134.144
1,49079532,3063.905
1,49407213,3361.79
1,49669359,2125.663
1,49407216,2619.41
1,49079538,2944.783
1,49079545,2805.162
1,49407232,2275.972
1,49079554,2178.768
1,49079555,1975.365
1,49079556,1748.517
1,49407237,2126.014
1,49079558,1656.464
1,49079560,1919.152
1,49407239,2145.494
1,49407241,2072.362
1,49407243,1902.648
1,49079567,2036.652
1,296871192,3349.224
1,49407308,1849.243
1,49407330,2326.582
1,296871475,3487.966
1,49014367,2044.014
1,49276569,3301.031
1,49276585,3411.662
1,49277208,1952.19
1,49277209,2056.792
1,49277210,2139.117
1,49277218,1815.791
1,49080625,3373.469
1,49080634,3534.187
1,3384339080,1932.371
1,412347047,3065.918
1,296872655,3001.397
1,49146660,1387.106
1,49146670,1807.555
1,49146671,1887.501
1,49146679,2004.986
1,48884607,2748.198
1,49474546,2666.679
1,49474565,2843.474
1,49474590,3117.416
1,49081801,2150.145
1,49081802,2011.048
1,504753673,2439.757
1,4341493369,3083.768
1,4341493370,3067.454
1,4341493371,3055.655
1,4341493376,2975.454
1,4341493386,3465.123
1,4341493388,3582.585
1,3322212648,2744.284
1,49082877,2724.555
1,49082880,2632.264
1,49082881,2546.809
1,49082882,2434.529
1,49410702,2380.233
1,3474125486,1269.043
1,3474125487,1377.259
1,49607385,3466.475
1,3639604156,3422.304
1,3639604163,3313.41
1,49607874,2793.789
1,49280432,2101.661
1,49280455,2227.279
1,49280583,2769.439
1,49673829,3220.295
1,49281044,2672.704
1,49150476,570.377
1,49216129,1841.65
1,49216132,1627.699
1,49347408,3493.382
1,49675089,2738.718
1,49216491,3429.33
1,49216506,3074.803
1,49216512,2964.129
1,49216516,2893.757
1,49216523,2680.285
1,49216533,2589.879
1,49216535,2512.172
1,49216553,2580.488
1,49085534,2402.967
1,5717097821,2209.951
1,5898567008,1476.147
1,5898567009,1153.66
1,6177488269,2308.085
1,49348353,1329.777
2,49217567,2665.942
2,49217573,2428.326
2,49217577,2344.055
2,49217580,2274.56
2,49479756,2344.632
2,49479760,2442.663
2,49676487,2432.293
2,48890105,3192.463
2,48890106,3198.167
2,48890113,2471.902
2,48890114,2457.113
2,48890115,2474.481
2,48890121,3159.489
2,48890122,3189.513
2,49086761,2860.759
2,49086763,2738.183
2,49086764,2680.009
2,49086766,2624.533
2,49086767,2449.601
2,49086768,2491.658
2,49086769,2597.139
2,49086770,2704.019
2,49152398,3156.882
2,49152413,3508.547
2,49480392,3213.142
2,49480394,2929.714
2,49480400,2785.3
2,49480405,2414.01
2,49480411,2618.629
2,49480424,2799.722
2,49480427,2830.469
2,49480477,3265.377
2,49152813,3455.438
2,49152817,3558.129
2,1376387982,3201.106
2,1376387989,3126.086
2,1376387992,3481.666
2,1376387995,3465.93
2,49152953,3169.005
2,49152955,3269.647
2,49152957,3370.279
2,49152959,3470.911
2,49480733,3425.823
2,49284392,3597.885
2,49546560,2563.935
2,49087852,3412.292
2,49087853,3358.14
2,49087857,3151.335
2,49087861,2995.612
2,49087865,3210.845
2,49153523,3467.527
2,49153545,3475.176
2,49153550,3360.462
2,49153606,3492.256
2,49284704,2396.141
2,49284705,2460.962
2,49350250,2631.097
2,49350276,2316.969
2,49350279,2278.486
2,49350291,1997.346
2,49022802,3467.253
2,49219469,3451.806
2,49219471,3558.666
2,49219472,3591.357
2,49219481,2708.767
2,49219483,2639.282
2,49219484,2534.527
2,49219487,2579.256
2,49219489,2684.551
2,49219495,2693.803
2,49219498,2903.053
2,276760531,2624.561
2,49088634,1863.802
2,49088645,2119.68
2,49088649,2237.557
2,49088650,2333.419
2,49088652,2398.543
2,49088661,2615.254
2,49088662,2687.17
2,49088669,2786.01
2,276760823,2434.156
2,2480539911,2001.316
2,2480539920,2013.364
2,1355680099,1870.621
2,422447921,3457.582
2,49120825,1632.068
2,49351608,3461.167
2,1199443130,3199.378
2,1199443131,3423.371
2,1199443135,3321.446
2,1199443137,3503.565
2,1199443139,3559.507
2,1199443141,3441.239
2,49220842,2880.646
2,49220849,3005.623
2,1718881529,2096.656
2,49220883,2371.251
2,49220885,2458.452
2,49220890,2750.79
2,1283132773,2995.789
2,1283132828,2094.447
2,48958990,2341.82
2,49483309,2466.625
2,49483310,2496.711
2,49417784,2509.669
2,49483373,3197.271
2,316542598,2849.647
2,48894000,3456.037
2,49090688,2423.681
2,49090689,2563.74
2,3643150615,2935.407
2,3643150616,2955.914
2,3643150620,2883.821
2,49353188,2427.857
2,49353189,2515.875
2,49353199,3021.634
2,49353201,3105.15
2,49353202,3183.613
2,49091135,3494.705
2,49091136,3121.545
2,49091137,3210.607
2,49091165,1391.042
2,49156920,3123.966
2,49156922,3214.217
2,1188762457,2786.365
2,1188762469,2852.949
2,1188762471,2607.541
2,1188762474,2698.063
2,1188762476,2931.915
2,1742083115,2446.049
2,49616180,3459.344
2,60495209,2321.582
2,60495214,1543.424
2,60495224,1893.321
2,1188763120,2500.839
2,1188763123,2330.587
2,1188763122,2417.401
2,1188763128,1686.551
2,1188763131,1802.506
2,1188763132,2246.111
2,1188763133,2011.538
2,1188763134,2585.517
2,1188763136,1695.227
2,1188763137,1906.487
2,1188763138,2115.131
2,49223240,3296.787
2,49223242,3261.426
2,49223246,3474.541
2,49223247,3581.477
2,49354494,2316.091
2,48895860,1645.45
2,48895866,1903.876
2,49223545,3591.198
2,49223546,3525.372
2,49223557,3197.795
2,49223562,3090.475
2,49223570,2832.783
2,49223573,2883.573
2,49223575,2967.306
2,49223586,3075.966
2,49223601,3022.389
2,49092538,3109.863
2,48895950,3301.97
2,48895951,3317.614
2,49069391,2648.672
2,5886974116,3063.708
2,5886974117,3048.393
2,1762662590,2142.493
2,1762662592,2057.044
2,1762662594,2134.506
2,1762662600,2090.264
2,1762662602,2138.985
2,846535202,3167.192
2,846535239,3284.824
2,49093318,1936.123
2,49093319,1987.836
2,49093321,2164.895
2,49093322,1793.335
2,49093323,1577.054
2,1921850146,1440.533
2,49290343,3269.072
2,49290346,3339.91
2,49290353,3502.547
2,3932167492,3122.715
2,3378978170,2014.871
2,3378978176,2852.425
2,3378978177,2404.03
2,316743092,2580.04
2,49094093,2239.497
2,49094095,2010.75
2,49094096,1908.778
2,49094097,1967.142
2,49094101,1828.468
2,49094104,2413.413
2,49094109,2710.296
2,49094110,2645.504
2,49094111,2586.44
2,316481090,1395.867
2,49421918,2456.471
2,49421919,2657.431
2,49749678,2881.095
2,49618893,2880.018
2,435822630,2582.876
2,49356941,3527.249
2,49356949,3588.338
2,1188766164,2459.742
2,1188766170,2426.023
2,48898586,2065.145
2,49095399,3451.037
2,49095400,3515.546
2,49357685,2152.35
2,1214981043,3332.271
2,49358118,2665.223
2,48899370,1155.989
2,49358121,2644.557
2,49358123,2742.484
2,48899379,1608.012
2,49358169,3374.988
2,49358170,3440.81
2,49096208,2331.145
2,49096209,2229.832
2,49096217,1864.617
2,49096228,2583.064
2,49096241,3013.225
2,2304485442,2513.089
2,49096627,2954.315
2,49096643,2051.556
2,49096672,3454.966
2,1199384576,3598.653
2,49096795,2096.782
2,49096797,2204.734
2,49096798,2257.873
2,49096799,2288.746
2,49096800,2290.942
2,49096805,2536.428
2,49096806,2618.234
2,49096808,2957.474
2,49096809,3043.941
2,49096810,3124.277
2,49096811,3207.041
2,49096812,3286.255
2,49096813,3363.319
2,49096815,3477.508
2,48900269,1291.689
2,48900270,1834.588
2,48900511,1672.61
2,48900514,1446.554
2,48900519,1361
2,48900524,1384.181
2,279718322,2638.893
2,49621833,2671.881
2,49687513,3590.375
2,350366785,2360.891
2,2430676120,2380.446
2,2430676127,2544.043
2,2430676167,2359.721
2,2430676177,2219.329
2,3506384352,2936.408
2,3506384353,3266.576
2,49426226,3509.342
2,49426231,3397.944
2,49426229,3428.505
2,1339371327,2457.239
2,1339371343,2251.487
2,316551023,1997.667
2,316551029,1984.294
2,49229717,3358.712
2,49229719,3261.527
2,49098666,2809.212
2,49098667,2892.355
2,49098668,3046.734
2,49098672,3396.579
2,49098675,2550.63
2,49098676,2479.851
2,49098677,2312.781
2,49098678,2227.855
2,49098679,2157.187
2,49098680,2132.534
2,49295365,1909.081
2,49295366,1785.36
2,316551199,1973.064
2,287322161,1990.394
2,48967759,2766.068
2,49426534,2267.094
2,49295473,3204.265
2,49295475,3264.137
2,1710764179,2815.538
2,49098926,1293.877
2,1710764216,2700.052
2,49426626,3274.342
2,49426628,3158.474
2,49426629,2924.404
2,49426631,2576.575
2,49426640,1745.588
2,412692733,3384.623
2,412692734,3189.119
2,49230167,3046.972
2,49230169,2966.149
2,49230171,2933.067
2,49230173,2946.661
2,49230177,3147.218
2,49230180,3213.826
2,49230182,3246.431
2,49230186,3572.755
2,49230189,2965.752
2,49230193,2132.805
2,49164717,3284.775
2,49164720,3373.893
2,49033678,1187.594
2,49296034,1526.537
2,49296036,1780.368
2,49296042,2051.053
2,49296065,2870.08
2,49755031,3349.63
2,287323067,2829.954
2,287323070,3100.52
2,49755086,727.992
2,49755115,1972.846
2,49165426,3269.677
2,49034389,3569.046
2,1188771061,1585.85
2,1188771063,1468.501
2,1188771065,1509.369
2,1188771069,1476.843
2,1188771071,1517.947
2,49231131,3484.133
2,1188771371,1299.763
2,287323707,2758.2
2,1185560171,2373.678
2,287323777,2708.532
2,287323821,2848.001
2,49559264,1979.05
2,3042654044,1938.431
2,49559512,2305.071
2,49559533,3200.405
2,49166534,3472.685
2,49166537,3321.176
2,49149218,3048.585
2,49149223,3119.017
2,49298094,1293.212
2,49298104,972.146
2,49363701,2448.058
2,48904950,3268.296
2,48904951,3256.12
2,49363703,2587.059
2,49363715,3047.25
2,49363717,3164.238
2,49363719,3279.824
2,49363722,3396.158
2,49363723,3510.248
2,49756994,1486.783
2,49757020,2068.09
2,49757038,2988.814
2,49757040,3332.429
2,435764104,2112.416
2,316685239,2502.784
2,3932109866,1021.446
2,1188772963,1288.626
2,1188772964,1199.123
2,316685418,2439.504
2,49233431,2741.593
2,49233433,3397.251
2,316685898,2498.221
2,49036972,1663.61
2,49037097,2842.728
2,49037098,2857.695
2,49561949,3164.467
2,49561951,3158.396
2,2430681613,2385.723
2,2478391900,2049.889
2,2478391903,2032.291
2,2478391906,2066.709
2,2478391908,2036.012
2,49758840,2920.859
2,350307035,1898.313
2,49234902,3520.886
2,49431755,2862.241
2,49431773,2790.521
2,317474141,3445.725
2,49038713,3427.649
2,276776512,1005.204
2,48973396,1585.119
2,49384344,2812.082
2,2429765520,3564.395
2,3701950399,3150.108
2,3701950420,3258.498
2,49498069,3343.328
2,49301497,2845.207
2,413288539,2265.606
2,413288541,2435.247
2,413288547,3080.114
2,4589897904,3454.459
2,4589897905,3357.206
2,3701819652,3276.962
2,3701819654,3270.598
2,3701819660,3421.411
2,49105228,2080.525
2,49105229,2009.174
2,4344662407,2202.668
2,4343024193,2664.062
2,4343024194,2808.424
2,4974463555,3475.906
2,1304578916,2839.534
2,1304578919,2890.488
2,49564758,3066.382
2,49564761,3163.216
2,49040797,3058.953
2,49040798,3074.571
2,317476261,3466.654
2,317476263,3482.873
2,317476268,3448.479
2,49040966,3004.285
2,49040983,3241.992
2,48909931,3196.135
2,48909932,3182.863
2,3695660661,2281.05
2,3695660670,2269.456
2,49303277,3382.344
2,49303278,3499.429
2,49106875,2533.332
2,49106879,2429.328
2,49696711,2192.654
2,49696713,2463.476
2,49696714,2396.13
2,1199525901,3096.625
2,49107067,3050.824
2,49107071,3244.068
2,49107077,3493.055
2,49107166,3075.468
2,49107171,3497.131
2,1835159784,1140.692
2,49435164,2928.94
2,49435167,2816.126
2,49435174,2724.432
2,49435187,2275.465
2,49435189,2343.029
2,49435192,2282.2
2,49435200,2684.14
2,49435206,3206.603
2,49631821,3278.808
2,49631850,3167.76
2,49566472,3536.642
2,49566476,2223.139
2,49566477,2299.449
2,49566483,2404.346
2,49566488,2828.581
2,49566492,3220.467
2,49566495,3225.123
2,317477712,2338.661
2,49435891,2814.769
2,2342868418,2283.255
2,2342868472,2563.144
2,49436217,2495.811
2,49501903,2874.737
2,49501904,2717.633
2,49108696,2164.399
2,49108697,2023.325
2,49501918,2551.401
2,49501920,2649.717
2,49501941,3262.052
2,49501943,3377.636
2,49501947,3491.403
2,49436415,3311.491
2,49436422,3228.728
2,49436426,3315.058
2,49108787,2632.656
2,49108788,2719.755
2,49174531,3557.149
2,49174534,3460.129
2,49633302,2588.292
2,49699385,2171.717
2,49699395,1999.754
2,49699402,2770.61
2,49699404,2550.685
2,49699406,2790.802
2,49502944,3111.175
2,49502971,3115.477
2,52255700,875.681
2,52255707,1161.175
2,49306722,3364.824
2,49306723,3423.387
2,1190485170,3336.008
2,1190485175,3223.789
2,49306822,1836.17
2,49306843,908.238
2,49306847,803.214
2,49306855,427.839
2,49306895,952.339
2,49306949,3303.031
2,49634659,2898.906
2,49241497,3565.479
2,1742429643,2280.376
2,49503722,3296.93
2,49503733,3237.248
2,1742429686,2788.728
2,49307165,1749.546
2,1742429737,2803.273
2,1742429747,2865.246
2,1742429778,2401.744
2,4600127226,1940.996
2,3718013355,3136.071
2,3718013356,3118.557
2,3718013364,3055.16
2,3718013369,3076.409
2,3718013375,2968.24
2,1188782856,1822.832
2,1188782869,1992.376
2,1188782868,1610.782
2,1188782872,1834.104
2,49767197,2243.721
2,1188782878,2146.355
2,1188782887,1804.744
2,1188782892,1896.702
2,1188782893,1776.168
2,1399415633,3061.626
2,48981206,3003.013
2,48981209,3338.691
2,5698709382,3226.59
2,5698709391,2718.014
2,5698709392,2704.872
2,49112977,3525.751
2,49112978,3409.967
2,49112982,2943.886
2,49112983,2827.687
2,49112984,2594.836
2,49112985,2403.671
2,49178634,3015.552
2,49178636,2776.58
2,49178637,2692.251
2,49178639,2621.445
2,49113850,3350.311
2,49113852,3266.615
2,49113854,3326.08
2,49113855,3387.2
2,49113859,3488.381
2,49113862,3554.987
2,1268352598,2634.26
2,49376711,1644.155
2,49376712,1573.044
2,2414177794,1700.962
2,49442363,2811.28
2,48918188,3432.884
2,280915696,3348.455
2,49377044,3398.23
2,49377046,3505.203
2,49377048,3578.312
2,5650673438,3276.032
2,5650673439,3251.859
2,5650673440,3304.001
2,49049383,3469.237
2,49049386,3375.851
2,49049388,3300.39
2,49049393,3081.269
2,49049394,3155.881
2,49049395,3189.465
2,49049396,3112.568
2,49049398,3043.438
2,49049399,2914.561
2,49049402,3035.887
2,49508234,2802.248
2,49442743,2283.985
2,49442745,2302.414
2,48984015,1297.622
2,48984032,1455.6
2,49442852,2858.244
2,49508410,2229.614
2,49508412,2196.014
2,49508413,2124.084
2,273313975,0
2,1188786445,2484.192
2,1188786450,2473.291
2,1188786455,2465.474
2,1188786456,2450.109
2,1188786461,2501.576
2,1188786487,2552.948
2,1188786498,2368.989
2,49246561,3283.649
2,49443453,2685.673
2,49443455,2770.597
2,49443571,3310.861
2,49443573,3365.129
2,49443713,3270.503
2,49443723,3579.84
2,49443719,3428.138
2,49443734,3132.124
2,49443736,3057.408
2,49443743,3057.541
2,346780651,2477.623
2,2771416196,3427.204
2,2771416198,3435.586
2,49050932,2782.594
2,49050933,2710.599
2,49050934,2628.725
2,49050935,2543.664
2,49050936,2459.484
2,49050937,2389.466
2,48919871,3331.013
2,425883154,1983.45
2,1707898525,1620.541
2,49051370,3531.874
2,49051380,2909.596
2,49051381,2793.03
2,49051385,2665.21
2,49051386,2769.718
2,49051387,2875.112
2,49051388,2984.397
2,49051389,3042.565
2,49051393,3366.894
2,49051394,3458.488
2,49051396,2620.851
2,49051397,2653.996
2,48920338,3531.986
2,1707898666,1386.142
2,1707898670,1367.187
2,1707898672,1377.48
2,1707898687,1338.573
2,1707898824,1655.145
2,1707898826,1705.96
2,1707898827,1715.733
2,49313738,2630.498
2,49313739,2703.168
2,49051612,1772.786
2,49051613,1731.199
2,49051614,1788.909
2,1713010775,3592.587
2,49313940,2750.575
2,49313942,2917.912
2,49313944,3000.678
2,362576044,3173.917
2,49313969,3427.178
2,5985368488,3591.827
2,49379845,3075.017
2,49379851,3192.235
2,49379853,3228.712
2,49379863,3483.322
2,49379869,2902.311
2,49052261,3127.047
2,49052265,3234.662
2,280918811,3347.955
2,1742439992,2339.885
2,3564862352,2981.375
2,5703892109,1798.97
2,49249700,3557.714
2,3283254773,3480.663
2,2362605130,3347.343
2,49053271,3351.28
2,49053272,3296.999
2,49053386,3582.327
2,49053400,3418.423
2,49643231,2505.488
2,1188790043,2405.526
2,3564863322,3053.772
2,49053536,2560.094
2,49053539,2728.692
2,4188372896,3217.421
2,4188372897,3222.366
2,4188372898,3230.035
2,392003524,3427.648
2,48988417,1737.176
2,48922911,2611.383
2,48922913,2793.015
2,1224507720,2292.378
2,49185151,2566.998
2,49185162,2784.068
2,49774992,2656.27
2,49251185,3305.108
2,49251187,3362.904
2,49251188,3420.701
2,49251191,3537.696
2,49251209,1429.718
2,49251217,1700.111
2,49251222,2091.408
2,49087868,2976.474
2,49251224,2172.773
2,49087869,2968.746
2,49251225,2185.586
2,49251347,2958.979
2,49251382,1722.99
2,49251387,1506.218
2,49251412,1318.385
2,49251414,1431.699
2,49644744,2112.879
2,3701376252,3107.169
2,49513908,3202.72
2,1742439963,2020.711
2,1742439967,2197.288
2,1742439971,2454.445
2,49120809,2506.146
2,1742439978,2438.814
2,49120810,2534.167
2,1742439983,2439.221
2,1742439990,2441.479
2,49120822,1843.373
2,49120824,1683.332
2,49120826,1528.293
2,1268352577,2855.481
2,1742439998,2006.887
2,1742439999,2006.243
2,1742440000,1991.805
2,1268352590,2831.721
2,1268352593,2850.127
2,1268352597,2836.692
2,1268352613,2857.921
2,1268352619,2781.186
2,1268352622,2861.784
2,49514141,3386.22
2,49514146,3532.386
2,49252014,3561.518
2,49252026,3352.024
2,49252046,3536.157
2,49514517,2782.639
2,49055778,2459.968
2,49121799,3389.556
2,1715964541,1942.405
2,49515135,3080.989
2,49515137,3197.326
2,49515139,3312.915
2,49515142,3540.3
2,49515144,2229.23
2,1715964559,2638.985
2,1715964581,2400.224
2,1715964587,2986.531
2,49384362,2534.165
2,49712340,2513.3
2,1742179644,2144.934
2,3718024787,3378.632
2,49581758,2924.432
2,49581759,2865.054
2,49581760,2860.829
2,49581762,2748.41
2,49581782,1953.849
2,49647330,2133.964
2,49647334,2234.613
2,60657467,1877.606
2,1742115244,1982.03
2,1742115263,1961.211
2,1742115289,1958.83
2,1742115307,2006.856
2,6243717644,2728.218
2,49123904,3518.085
2,49123906,3390.416
2,49123916,2207.906
2,49123921,1890.333
2,49123922,1606.509
2,49058392,2560.811
2,49058395,2246.373
2,49058396,2151.451
2,49517177,3191.521
2,1742115480,2068.68
2,1742115518,1811.227
2,1742115538,1792.257
2,49124061,3587.735
2,344560429,2614.626
2,1190499389,2378.089
2,1190499409,2498.932
2,1190499411,2295.929
2,1190499413,2386.753
2,371168346,2565.216
2,1190499429,2377.786
2,1190499435,2468.285
2,1190499438,2452.04
2,49452232,2537.733
2,371168483,3494.627
2,371168520,2775.042
2,371168522,3043.67
2,49779983,2340.43
2,371168628,3248.705
2,49190416,3277.378
2,49190419,3045.313
2,49190420,2972.203
2,49190422,2899.568
2,49190425,2612.543
2,49190428,2820.386
2,49190429,2734.22
2,49190430,2701.896
2,49190435,2714.812
2,49190438,2914.556
2,49190440,2969.94
2,49190441,3013.195
2,1742182012,2686.841
2,1896847012,1956.235
2,2774570792,2625.927
2,2774570802,2162.798
2,2774570803,2136.654
2,2774570812,1680.131
2,2774570818,1479.446
2,2774570832,1329.161
2,2774570833,1579.217
2,2774570835,1781.021
2,2774570839,2395.696
2,2774570840,2511.606
2,2774570842,2977.43
2,2774570843,3094.221
2,2774570848,3209.717
2,2774570856,3326.848
2,2774570857,3390.828
2,2774570860,3560.307
2,49190790,3565.663
2,49190800,3401.624
2,2120325431,3064.959
2,49518907,2945.398
2,3403455090,2910.005
2,1277926142,1413.893
2,1277926144,1409.174
2,1190435943,3507.636
2,1190435952,3566.386
2,1713151125,3557.032
2,1713151133,3005.893
2,1713151141,3103.682
2,4620852475,2673.343
2,4620852476,2600.798
2,439983355,3143.717
2,49519905,3088.366
2,48864711,3560.478
2,48864712,3578.38
2,49389063,1897.955
2,49389065,2002.905
2,49389067,2106.323
2,49389068,2239.086
2,49389071,2321.821
2,49389073,2408.463
2,48996142,2236.885
2,49192819,2327.195
2,49192826,3124.515
2,49192832,3179.323
2,49192842,3349.762
2,49192848,2066.412
2,3643121556,3163.699
2,49192855,2155.713
2,49192861,2355.148
2,49192870,2434.727
2,49192872,2460.739
2,49192883,3018.068
2,49127390,3519.122
2,49127391,3555.665
2,49455231,2186.158
2,49586322,3523.368
2,49586325,3362.128
2,49193355,1970.173
2,49193360,2076.123
2,49193363,2126.468
2,49193366,2130.77
2,49127944,3042.999
2,49127945,2955.711
2,49193571,3589.773
2,49193574,3506.75
2,6047113833,3459.299
2,4343112501,3431.307
2,4343112510,3441.751
2,49193984,3589.312
2,443524203,1721.217
2,443524206,1850.793
2,49194189,2935.751
2,49194190,2872.465
2,49456451,2928.751
2,49456455,3043.748
2,49063283,3495.86
2,49194456,3180.424
2,49325992,3596.25
2,49260588,2760.114
2,49260602,3049.808
2,2304485437,2399.758
2,49260608,3328.75
2,49260612,3586.129
2,2304485447,2495.297
2,2304485454,2821.451
2,49064036,2969.562
2,49064038,2967.428
2,49064041,3099.754
2,49064040,3181.453
2,49064043,3160.196
2,49064044,3220.274
2,49064047,3344.839
2,49064046,3283.27
2,49064051,3448.696
2,49064052,3510.891
2,49064050,3422.102
2,49064086,3512.085
2,49064087,3413.621
2,49260708,2870.37
2,49457451,2886.202
2,49260859,2367.937
2,49260909,2086.244
2,1716496875,3528.648
2,1716496886,2222.195
2,6182709944,3012.855
2,49785556,2073.153
2,49785640,1291.744
2,2523704166,3128.468
2,2523704168,3118.776
2,2523704169,3105.439
2,2523704170,3113.076
2,49196062,2300.612
2,49196067,2422.102
2,49196074,2689.941
2,49196098,3214.791
2,49196102,3393.544
2,49065111,2355.23
2,49065115,2498.802
2,1742122224,1869.005
2,49261809,3289.764
2,49261810,3348.326
2,1742122245,1820.003
2,1742122262,1891.554
2,49524358,2152.452
2,49064035,3083.336
2,49064049,3452.502
2,48934875,118.764
2,49000415,1875.398
2,421262962,3150.484
2,1711714535,1970.15
2,1711714577,2131.852
2,1711714582,2112.351
2,1711714589,2433.541
2,49656162,2601.438
2,3322787251,2935.801
2,3322787257,3046.382
2,3322787272,3006.771
2,3322787274,3050.807
2,49067476,2219.585
2,49067479,2054.068
2,49067480,2001.035
2,49067481,2085.956
2,49067482,2166.671
2,49460715,2601.822
2,49460723,3060.845
2,49460725,3177.832
2,49460727,3281.423
2,49460732,3514.839
2,49067572,3475.393
2,2304489116,2923.933
2,2304489131,2703.486
2,2304489159,2855.655
2,2304489160,2846.284
2,1190442704,2814.407
2,1190442712,2930.471
2,1190442715,3044.652
2,1190442717,3332.024
2,1190442722,2698.258
2,1190442723,3446.274
2,1190442724,3161.64
2,1190442730,3274.942
2,1190442732,3391.005
2,1190442738,2583.044
2,48871304,2802.435
2,48871305,2809.557
2,4619024316,2958.544
2,4619024318,3106.428
2,49003088,2591.607
2,49003094,2729.115
2,49592973,3554.379
2,49527483,3067.114
2,49527509,3236.253
2,49527512,3260.573
2,49527515,3446.302
2,49068913,3562.267
2,49527767,1673.871
2,49527770,1839.317
2,49527800,2031.873
2,49527802,2326.488
2,304921691,1923.721
2,48872683,3387.704
2,49069364,1866.516
2,49069366,1758.987
2,49069367,1651.598
2,49069368,1544.224
2,49069369,1471.542
2,49069370,1582.323
2,49069372,1562.519
2,49069373,1576.261
2,49069378,1746.594
2,49069379,1916.436
2,49069380,2125.464
2,49069383,2268.93
2,49069384,2306.716
2,49069385,2309.522
2,49069386,2402.297
2,49069393,2819.976
2,49069392,2705.126
2,49069395,2976.005
2,49069394,2875.77
2,49069396,3015.942
2,60473048,2876.41
2,49331996,2192.883
2,49069983,2855.349
2,49069985,2673.057
2,3052388528,1951.32
2,3695559086,3314.82
2,4343120364,3335.492
2,1214956049,3003.216
2,49070658,2418.119
2,49070659,2367.132
2,459981407,2846.072
2,317506791,1548.702
2,49137015,2053.38
2,49137016,1946.188
2,49137021,2571.015
2,49137025,2656.686
2,49137029,2815.035
2,49137033,2444.014
2,1350616497,2849.854
2,49260590,2858.436
2,49260594,2892.862
2,49260598,2951.338
2,49260610,3385.793
2,49661843,1990.026
2,49661865,3048.122
2,1896860072,2296.906
2,1896860081,2296.162
2,276548022,3158.207
2,2481834428,3157.443
2,49531325,3393.75
2,2481834429,3051.26
2,2481834430,3040.87
2,1896860105,2176.538
2,1896860109,2164.113
2,1896860116,2165.795
2,1914948105,2816.681
2,3499674207,2970.804
2,3499674210,3389.449
2,4342991460,1405.601
2,4342991461,1388.744
2,4342991462,1392.156
2,4342991463,1374.988
2,3499674227,3536.598
2,3499674231,3595.473
2,3499674237,3490.95
2,3499674238,3592.947
2,49269615,3569.47
2,412339104,1791.272
2,49007527,2790.231
2,49007601,1970.832
2,49007602,1727.345
2,49138691,3593.461
2,6306057223,2239.932
2,49138698,3529.82
2,49138700,3496.361
2,459984227,985.442
2,459984493,2090.713
2,459984514,2020.796
2,49270424,2513.004
2,49532625,2723.711
2,1716496871,3398.639
2,49532626,2569.72
2,49074038,3364.13
2,49074039,3297.524
2,49074040,3209.037
2,49074042,3042.273
2,49074043,2971.448
2,49074041,3124.853
2,3701723389,2848.342
2,49074471,2274.059
2,49074472,2234.863
2,1214959997,2179.117
2,3695956669,2462.223
2,49599267,2721.089
2,49599283,3343.838
2,1199494025,3554.296
2,1199494051,2988.094
2,1199494072,2997.971
2,1199494091,3060.191
2,1199494119,3064.729
2,1199494121,3229.855
2,1199494123,3444.99
2,1199494126,3480.203
2,1389090169,2510.178
2,49403363,2293.42
2,1389090306,2414.673
2,1702090542,3421.92
2,1714476948,3431.469
2,1702090648,3153.06
2,1714476967,3369.371
2,49403846,2881.077
2,1702090706,3138.605
2,293394564,2680.221
2,48945393,2849.237
2,3695761841,2084.21
2,49076740,2485.048
2,49076739,2563.982
2,49076741,2563.796
2,49142313,3216.466
2,49142314,3267.806
2,48945711,1287.439
2,49273422,3544.895
2,49273728,3371.31
2,49273736,3255.019
2,5161343930,3559.84
2,49536071,3318.268
2,49536077,3425.982
2,49536082,3499.867
2,49208608,2770.309
2,49274271,2878.741
2,4309638585,3209.511
2,49274305,3211.321
2,1742134792,2406.092
2,1742134801,2423.208
2,1742134803,2486.328
2,1742134812,2283.298
2,48946734,2105.393
2,48946737,2382.676
2,48946741,2553.586
2,5884141153,2308.074
2,5884141156,2359.708
2,5884141157,2361.964
2,5884141159,2284.029
2,49405559,3344.102
2,49405571,3061.815
2,5146337055,3552.138
2,49274750,2702.51
2,49209367,2765.953
2,49209368,2974.666
2,48988413,1300.596
2,1190519048,3346.134
2,3643203935,3102.865
2,3643203936,3117.383
2,49013346,1749.304
2,49013354,2212.836
2,49275699,3369.707
2,412345140,2442.411
2,412345141,2032.12
2,49275700,3446.161
2,49406880,1827.204
2,49406893,1959.579
2,49406900,2083.216
2,49406901,2194.185
2,49406903,2278.357
2,49406905,2364.026
2,49144791,3370.824
2,49144793,3471.467
2,49144796,3572.098
2,49735050,2854.16
2,5146338906,3555.434
2,4711573134,2710.968
2,49145494,2834.245
2,49145496,2938.933
2,49145499,3154.389
2,49014431,2959.352
2,48883400,1305.442
2,48883404,1938.194
2,48883409,519.087
2,48883418,849.554
2,49080106,3281.041
2,49080107,3447.018
2,49080110,3584.427
2,49538868,2235.576
2,49538873,2192.277
2,49276740,3075.346
2,49276741,3217.257
2,48883571,2002.31
2,49735563,3034.263
2,49080225,2936.048
2,49080226,2891.114
2,49080227,2809.615
2,49080228,2739.003
2,276817925,2072.462
2,276817939,2054.992
2,276817940,1615.588
2,2480662604,2967.738
2,2480662605,2958.382
2,49539224,2432.089
2,49539226,2089.588
2,49539233,1802.383
2,49539242,2171.237
2,49539248,2268.981
2,276818282,1753.825
2,2774591970,3385.535
2,2774591971,3128.93
2,49080905,2366.54
2,49080906,2160.813
2,49080907,1959.323
2,49080908,1613.666
2,49080910,1888.629
2,49080911,1838.569
2,49080912,1945.419
2,49080922,2439.544
2,49080943,3557.319
2,49080944,3441.563
2,49080945,3325.689
2,49080946,3093.259
2,49080948,2745.369
2,49080949,2512.406
2,49080950,2397.867
2,49080951,2322.11
2,504752760,2188.234
2,5862713989,2577.675
2,5862713992,2585.14
2,1742072497,2856.898
2,6209203075,3571.95
2,49671257,2245.298
2,1331948651,3234.646
2,1711664339,3176.251
2,49409344,1846.553
2,49409346,1775.371
2,5688847690,1624.32
2,49344078,3024.415
2,49344084,2853.951
2,49344086,3068.566
2,49344088,3174.204
2,49344090,3282.73
2,49344092,3353.12
2,48885339,1731.753
2,276819573,2355.845
2,1711664837,1908.908
2,1711664868,1848.582
2,1711664872,1777.168
2,1711665007,2400.038
2,276557813,3562.574
2,49213641,2054.08
2,49213642,2157.361
2,49213644,2074.047
2,49213650,2472.39
2,49344745,1788.424
2,49344746,1894.507
2,49606891,2028.091
2,49344747,2084.911
2,49344752,1852.327
2,49344755,1710.711
2,49344757,1781.545
2,3695767827,2108.214
2,3695767831,2196.362
2,3695767838,2133.812
2,49344809,3357.367
2,49344811,3241.499
2,49344815,3007.432
2,49344819,2660.754
2,49344825,2247.034
2,1630990687,1529.272
2,49410400,2145.423
2,49410401,2223.755
2,49410404,2112.271
2,49410406,2033.316
2,1630990704,1701.735
2,1630990708,1910.85
2,49410733,3527.587
2,49410744,3518.31
2,49410765,2644.161
2,49410776,2561.809
2,2403136288,2092.311
2,276820772,1281.362
2,49120821,2834.838
2,3695768465,3133.97
2,3695768468,3029.53
2,49083418,3447.677
2,49083419,3441.877
2,49083421,2265.753
2,49083423,2371.352
2,49083424,2421.43
2,49083425,2487.259
2,49083426,2504.731
2,49083420,3416.058
2,49083437,3565.505
2,49607787,1925.665
2,49607792,1947.585
2,49083620,2986.764
2,49149187,1973.535
2,49149190,2031.36
2,49149197,2136.971
2,49149200,2227.538
2,49149202,2346.141
2,49149205,2553.187
2,49149209,2761.789
2,49149213,2827.954
2,49346001,3403.598
2,49346006,3258.606
2,49346013,3398.47
2,421262963,3298.799
2,3810784885,2668.489
2,49739479,2651.927
2,49739501,2009.92
2,49215446,2871.915
2,48953579,2470.439
2,48953582,1383.131
2,48953583,1404.866
2,276822322,1659.954
2,49084754,3225.876
2,49740308,3255.129
2,281868835,1489.152
2,3629710059,3008.213
2,281869180,2242.774
2,410319747,1741.447
2,49282084,1957.471
2,49282089,1802.749
2,49085497,3339.151
2,49085499,3361.945
2,49085502,3435.124
2,49085505,3579.074
2,276823186,2011.982
2,1921907895,3330.361
2,777387205,3422.198
2,49085784,2932.13
2,49085785,2850.559
2,49085786,2818.23
2,49085788,2830.422
2,49085790,3030.14
2,49085792,3096.843
2,49085793,3106.836
2,49085794,3476.491
2,49085796,3272.475
2,49085798,3070.524
2,49085800,2867.365
2,49085801,2759.444
2,276823450,1676.082
2,1957100992,1786.587
2,1957101006,1784.839
2,49413712,3512.78
2,1268352575,2755.494
2,49348484,1471.002
2,49676168,2531.236
2,49676169,2504.104
3,49152143,0
3,49152144,85.307
3,49152147,89.8
3,49152148,161.85
3,49283256,3410.809
3,49283261,2939.854
3,49283263,3195.563
3,49348815,2070.292
3,49348900,84.952
3,49348902,208.374
3,49283624,3596.532
3,49283625,3567.711
3,49611303,2593.108
3,49283635,3450.172
3,49283638,3550.489
3,49414863,1840.216
3,49414864,1925.968
3,49153028,3563.373
3,49153031,3473.674
3,49153032,3526.46
3,3587900543,3570.323
3,49087810,2465.321
3,49087813,2555.891
3,49087836,2986.014
3,49087837,3137.569
3,49087838,3233.777
3,49087840,3346.807
3,49087841,3433.368
3,49677736,2475.906
3,295175758,3484.578
3,295175765,3424.396
3,49350313,3356.631
3,295176079,2826.662
3,49350734,1606.643
3,49350736,1721.183
3,49023104,2377.732
3,49023106,2199
3,49088885,3481.069
3,49088886,3457.902
3,49088887,3408.889
3,49088891,3292.867
3,49088892,3216.142
3,49088893,3059.837
3,49088899,2777.108
3,49088900,2693.378
3,49785059,3305.744
3,49547878,3369.003
3,49547880,3301.473
3,49547881,3583.188
3,49285771,3175.865
3,49482397,492.182
3,49482407,825.326
3,49482423,1768.23
3,49351376,1659.078
3,49351377,1310.046
3,49154954,2081.963
3,295177209,2188.444
3,49024028,3438.88
3,49024030,3444.503
3,295177488,2057.731
3,49417766,1422.75
3,49417776,1304.408
3,3404009046,1717.469
3,3404009047,1847.584
3,49352313,3409.79
3,49352320,3563.335
3,49352321,3427.66
3,49221266,1705.529
3,49221268,1803.161
3,49221269,1949.857
3,49483537,2441.58
3,49483539,2053.166
3,49483540,2114.221
3,49155889,3568.844
3,49745904,2887.033
3,49746006,3184.891
3,49352865,465.952
3,49352867,619.332
3,49221843,3448.635
3,49484070,3377.236
3,49090963,3594.154
3,49090968,3510.172
3,49090971,3407.684
3,49418748,1987.674
3,49418755,2292.923
3,49484572,3285.229
3,49484574,3332.845
3,49550260,2493.654
3,49288135,2928.58
3,49222622,3123.548
3,49222631,3580.681
3,1175131205,3169.747
3,1175131248,2982.213
3,1175131251,3018.234
3,1175131286,3095.199
3,1175131296,3192.183
3,295179435,2345.057
3,1175131337,3253.856
3,1175131339,3247.041
3,1175131343,3287.191
3,1175131358,3234.722
3,1175131380,3244.765
3,1175131387,3278.719
3,1175131430,3302.265
3,1175131483,3195.6
3,1175131487,3143.146
3,49091994,3319.454
3,49091995,3235.892
3,49157825,1696.923
3,49092310,3087.534
3,49092311,3218.205
3,49092337,2234.416
3,49092338,2214.235
3,48895824,2454.669
3,49616924,3226.442
3,49616932,2908.27
3,49616945,2893.715
3,49616957,2915.881
3,48961852,907.593
3,48961855,1453.694
3,49093347,3542.958
3,49093348,3539.956
3,49093351,3237.994
3,49093354,3125.34
3,49093355,3094.424
3,49093356,3179.738
3,49093357,3217.05
3,49093358,3275.667
3,49093359,3288.594
3,49093360,3440.795
3,49093361,3445.91
3,49093362,3522.356
3,4612954899,2868.328
3,49618011,3133.085
3,49290563,1193.933
3,49290567,1277.215
3,49290582,1673.833
3,49290584,1530.928
3,49290590,1188.882
3,49421738,3494.501
3,49159786,3467.587
3,49159855,3599.165
3,49094363,2574.384
3,49094368,2463.412
3,3590725615,2767.221
3,3590725617,2689.951
3,3590725619,2726.093
3,3590725620,2708.849
3,3590725623,2620.884
3,3590725627,2662.562
3,49094667,1556.298
3,49094668,1477.461
3,49094669,1534.726
3,49094708,3396.163
3,49094709,3359.996
3,295182651,2379.985
3,49095111,1686.728
3,49095112,1787.331
3,49095113,1884.672
3,49095114,2171.288
3,49408581,2307.364
3,295183022,2059.482
3,49357654,2586.611
3,49357655,2761.877
3,295183271,2596.725
3,49226797,2110.224
3,49554573,3220.764
3,49554579,3418.919
3,49554602,2219.757
3,49554613,2624.887
3,49292533,3095.877
3,49292600,2324.543
3,49292610,2563.176
3,295183867,2779.889
3,49358385,1157.013
3,49358425,3505.555
3,49358430,3432.114
3,49096353,3575.823
3,49096366,3524.55
3,49096369,3362.146
3,49096370,3451.09
3,49096372,3552.995
3,49096374,3596.847
3,295184086,3036.294
3,49161968,1224.432
3,49161973,1830.619
3,49161974,1982.451
3,295184314,2783.634
3,49424479,2012.392
3,49424480,2212.118
3,49424482,2233.933
3,49096894,3042.399
3,49096895,3117.989
3,49621291,3143.377
3,49621295,2428.838
3,49621300,2701.682
3,295184831,3424.971
3,48900711,1135.207
3,48900712,1114.441
3,48900722,2190.056
3,48900724,3142.376
3,49490572,1475.386
3,3449170592,3308.88
3,48900786,1686.662
3,48900789,2733.96
3,48900791,2645.705
3,49162950,2822.963
3,49162957,2845.363
3,49162961,2890.839
3,295185111,3415.364
3,49162967,2941.921
3,49162983,3254.889
3,49162984,3300.489
3,49556322,3397.05
3,49556324,3311.461
3,3449170795,3208.154
3,49097841,1860.012
3,49097842,1990.695
3,49425528,3338.579
3,49425531,3432.784
3,49229271,2555.332
3,49229274,2666.267
3,49229286,3018.692
3,49229292,3143.784
3,49098305,3206.491
3,49098308,3320.49
3,1955606178,2973.135
3,1955606182,1603.316
3,49229481,3050.426
3,1955606195,3255.572
3,49229498,2873.919
3,49491644,2936.683
3,49491645,2916.268
3,49229500,2923.221
3,3631951566,1549.339
3,3631951572,1408.213
3,48967527,2417.039
3,48967528,2429.113
3,49688431,1026.126
3,48967544,2880.17
3,49426323,3397.094
3,49360830,3056.491
3,49360834,3207.561
3,49295310,2033.931
3,49360848,2841.785
3,49360849,2919.429
3,49360850,3094.995
3,49229835,3188.947
3,49229836,3399.885
3,4341706966,2758.843
3,4341706967,2745.222
3,4341707190,1931.373
3,4341707195,2032.424
3,4341707197,2128.093
3,4341707199,2253.678
3,4341707208,3180.576
3,4341707211,3334.612
3,49099233,2901.473
3,49099237,3415.506
3,49099238,3413.857
3,49099239,3008.482
3,49099243,2789.414
3,49099308,1915.161
3,49099309,2017.79
3,49099310,2032.073
3,49099311,2193.759
3,49099316,2999.288
3,49099318,3042.707
3,49099320,3322.718
3,49623662,2076.082
3,49099376,3518.342
3,49623665,2078.973
3,49122817,3302.294
3,49148952,3058.549
3,49493037,3306.497
3,49034339,2574.621
3,49034340,2590.744
3,49034342,2242.565
3,49100019,1737.588
3,49100020,1772.353
3,5750601136,2651.765
3,5750601137,2729.86
3,49362693,3133.777
3,49362711,3105.813
3,49100850,1955.863
3,49100856,2106.848
3,49100859,2185.295
3,49100861,2243.999
3,49428596,2095.948
3,49428598,2199.409
3,2817210642,3157.515
3,49428755,997.007
3,49428756,1062.845
3,2817210645,3050.696
3,49494321,3267.575
3,49494337,3069.531
3,49559938,3396.08
3,49625483,3152.671
3,49559998,2674.802
3,49559999,2623.21
3,49298018,2509.539
3,49298019,2685.129
3,49101437,1295.329
3,49101446,1645.25
3,49101447,1700.708
3,49101481,3435.443
3,49101485,3415.447
3,49167072,3530.988
3,49167081,3561.18
3,49167084,3524.697
3,49167086,3529.861
3,49167095,3313.218
3,49560628,2411.478
3,49560630,2337.597
3,49560636,2133.607
3,49560638,1701.386
3,5724650892,1729.351
3,632569578,3507.684
3,632569579,3535.033
3,49299194,3258.292
3,49299199,3315.635
3,1228816142,3551.518
3,1228816231,3565.296
3,49430655,3502.172
3,49430657,3597.121
3,3701162184,1378.487
3,3701162185,1246.254
3,49430783,1709.147
3,49430785,2084.65
3,49430786,2190.471
3,49430787,2286.773
3,6257197377,2630.692
3,49562014,1953.055
3,49562020,2297.968
3,1610695384,2512.7
3,49103708,3304.425
3,6051480497,2095.93
3,4786177151,2689.939
3,49300740,2940.584
3,49300743,2998.39
3,49169765,3155.914
3,49169772,3017.98
3,49169802,3488.522
3,49169804,3534.634
3,49169808,3553.019
3,49104349,2140.912
3,49104356,2407.563
3,49104357,2683.36
3,6004622826,1512.819
3,49104370,3089.497
3,632571469,1728.689
3,5805917811,2757.853
3,49432182,1342.019
3,1781679744,2291.958
3,5805917835,2158.904
3,5805917842,2643.205
3,5805917851,2741.97
3,49497762,3155.797
3,49039054,2275.423
3,49039055,2246.335
3,49104591,1979.545
3,49104592,1891.031
3,49301208,1794.563
3,632571960,1757.633
3,49123978,1679.821
3,49236343,3278.91
3,49170819,3543.112
3,49170825,3403.635
3,49105319,2727.113
3,49105321,2705.367
3,49105322,2743.333
3,49105324,2843.961
3,49105326,2945.338
3,49105328,2977.571
3,49105329,2878.343
3,49105331,2779.448
3,49695594,2571.433
3,49695612,911.346
3,49695622,1744.596
3,49695625,1807.375
3,49564596,3556.403
3,49237034,2970.447
3,49237036,3119.615
3,49237039,3053.612
3,49564751,3595.79
3,49564753,3450.785
3,49564817,3161.902
3,49434105,2414.597
3,49434109,2740.791
3,49434156,3343.067
3,49106638,1395.754
3,49696464,2954.426
3,49106642,1515.842
3,49106643,1570.103
3,49172203,2502.778
3,49172204,2465.879
3,49172215,2993.712
3,5805920060,2246.531
3,5805920067,2099.359
3,49368922,3538.155
3,49762401,1563.243
3,49238173,2838.029
3,49238191,3192.304
3,4605825201,3217.315
3,49631488,2076.695
3,3473428863,2002.704
3,49108473,3293.418
3,49108478,3360.584
3,49436506,1935.841
3,49109137,2912.524
3,49109141,2775.434
3,49109173,1530.837
3,49109182,1452.999
3,49437371,3507.576
3,49437376,3531.571
3,49633996,1165.257
3,3473365849,3485.731
3,49306508,2899.729
3,49306510,2888.308
3,49306511,3041.81
3,49306514,3096.068
3,49306516,3213.744
3,49437701,1312.58
3,49437703,1242.215
3,49437708,1314.792
3,49437803,1886.675
3,49503647,3502.736
3,49634905,1271.662
3,49634908,1387.103
3,49241695,3148.085
3,49241696,3188.689
3,49504685,2960.658
3,49504691,2188.529
3,49504694,2137.218
3,49504696,2056.675
3,49504700,1508.768
3,49504705,1108.154
3,49504710,1510.704
3,49504713,2072.215
3,49504723,2335.756
3,49504729,2616.902
3,49504733,2577.92
3,49308135,2123.867
3,49308136,2214.839
3,49374220,2919.064
3,49374226,3038.094
3,48981029,2985.568
3,48981030,2952.308
3,49374406,2169.98
3,49505595,2727.576
3,49243534,2029.564
3,49243537,2600.149
3,49243539,2538.213
3,49440199,1285.937
3,49506109,3327.86
3,49047371,1773.975
3,48916301,2056.434
3,49047376,1955.946
3,48916342,3387.356
3,48916343,3394.139
3,48916344,956.725
3,48916345,937.988
3,49375250,2860.316
3,49375252,2706.485
3,49047692,3416.252
3,49047693,3321.083
3,49506579,3111.389
3,49507017,2481.172
3,49507019,2747.873
3,1266183113,1951.978
3,49376277,1909.349
3,49376282,2039.132
3,49376285,3049.471
3,49179966,2989.605
3,49179980,2763.292
3,49179987,2501.6
3,49573215,2726.828
3,49114637,1682.478
3,49114640,1769.001
3,49573406,3230.413
3,49573421,3582.864
3,49311322,2746.304
3,49311338,3281.434
3,49180438,1097.854
3,49115255,1123.549
3,49639639,2224.94
3,49639641,2125.183
3,49639643,2140.305
3,49639655,2575.308
3,49181015,3327.21
3,49508741,2643.357
3,49508743,2814.747
3,49181197,3513.058
3,49050234,3529.294
3,49312444,1678.148
3,49312458,1935.482
3,4616844195,3075.661
3,4616844201,2851.164
3,49640623,1702.863
3,49313179,3468.158
3,49313192,3023.57
3,49509859,3488.256
3,49247944,3307.963
3,49379100,3001.597
3,49379102,2922.703
3,5957253089,2925.838
3,49707035,3441.435
3,2817226979,2239.677
3,49707292,3510.195
3,49576247,3008.35
3,49052146,2289.5
3,49052147,2370.892
3,49052150,2467.715
3,49052151,2622.951
3,49052152,2704.597
3,49707750,2645.995
3,49707758,2888.949
3,5523929971,2138.471
3,5523929972,3497.696
3,5523929978,2442.272
3,5523929980,2406.415
3,5523929982,2186.239
3,5523929988,2067.073
3,48921624,2846.909
3,48921625,2813.023
3,49053012,3381.093
3,49053015,3443.206
3,49184424,3572.407
3,49118979,3456.775
3,49053498,1952.88
3,49053499,1830.91
3,49053500,1813.303
3,49053501,1661.991
3,49053502,1597.657
3,49774413,2283.769
3,49119331,2999.716
3,49119332,3221.996
3,49119497,3518.173
3,49119498,3466.274
3,49119505,3441.677
3,49119509,3123.906
3,48857478,2843.609
3,48857479,2928.539
3,49119646,3490.158
3,49250741,3599.98
3,49447375,3317.243
3,49447389,3537.507
3,4617044646,3226.224
3,49251058,330.329
3,49251060,207.93
3,49185561,3501.454
3,49578883,3039.727
3,49578892,2826.727
3,49578895,2733.676
3,49251303,3264.7
3,49251305,3341.119
3,49251316,3341.14
3,49251320,3271.001
3,49251336,3340.14
3,49382567,3158.158
3,49382570,2985.234
3,49382577,3540.127
3,49382584,2993.098
3,49382586,3502.046
3,49775814,2204.335
3,49579410,1690.08
3,49513915,3584.674
3,49120743,2173.471
3,49120746,1978.659
3,49120749,2123.564
3,49186315,1551.82
3,49186331,1456.408
3,49448486,2585.55
3,49055347,2815.546
3,49055351,2962.955
3,49055354,3039.342
3,49055355,3094.797
3,49317521,2761.722
3,49383135,3504.877
3,49121045,3458.077
3,49121047,3506.173
3,49055972,3220.776
3,49055973,3271.385
3,49514737,3158.488
3,49252723,1219.16
3,49252727,1359.963
3,2149550553,2390.192
3,2149550556,2000.309
3,49580622,1646.737
3,49121973,1809.441
3,49056483,2738.569
3,49056484,2372.782
3,49122114,2864.804
3,49122115,1807.899
3,49122116,1766.312
3,49122117,1985.082
3,49122118,1542.834
3,49449869,3337.795
3,49580965,3391.28
3,49777588,3130.252
3,49580999,2532.315
3,49581030,504.765
3,49581032,1240.186
3,49581034,1335.158
3,49581035,1367.253
3,49581048,1746.283
3,49581049,2044.568
3,49056790,2387.488
3,49056791,2440.241
3,49056799,2677.508
3,49056802,2739.112
3,49056808,2900.28
3,49056809,2993.074
3,3633220880,2344.438
3,3633220881,2465.535
3,49122814,3422.142
3,49712826,2800.93
3,49123107,1459.992
3,49123108,1499.948
3,49123111,1661.455
3,49123117,2104.429
3,49123120,1991.757
3,49123122,2380.402
3,49123123,2492.476
3,49123143,3516.685
3,4619276303,3401.08
3,4619276304,3327.163
3,4619276312,3500.095
3,3627782254,968.593
3,3627782260,1111.756
3,49058031,1846.051
3,49058037,1615.785
3,49517147,2097.637
3,49517153,1964.944
3,49320579,2211.608
3,49320581,2308.364
3,49320583,2356.697
3,49713980,3190.037
3,49452017,3130.142
3,49320972,3228.072
3,49320988,3268.097
3,565351614,1364.526
3,49583368,1529.297
3,49583594,2894.176
3,49583595,2931.173
3,49649498,3041.916
3,49584008,3139.206
3,49190862,2534.12
3,49190863,2773.734
3,49190865,3144.988
3,49190866,3288.318
3,49715168,1754.679
3,49715176,2371.066
3,49715178,2481.426
3,49190984,2047.049
3,49190994,2184.923
3,49190999,2459.17
3,49191072,1520.699
3,49191079,1707.419
3,49256789,1996.115
3,49256790,2091.224
3,49715579,2588.586
3,49257058,3426.899
3,49650353,2978.682
3,49650358,2862.799
3,49781449,718.622
3,49781454,687.864
3,4786199526,2162.675
3,49388584,1858.487
3,49388586,1939.12
3,49519757,3251.161
3,49454334,3418.269
3,49585872,2974.798
3,49258275,3080.491
3,49258277,3153.031
3,5845393205,3473.223
3,49127419,621.753
3,49127420,513.249
3,49389679,2807.069
3,49389680,2673.85
3,49717386,2307.027
3,49586382,1842.588
3,49127917,3522.615
3,49390400,3577.277
3,49521960,2897.942
3,49521963,2689.199
3,49456529,2338.895
3,48932355,3518.87
3,49325685,2241.917
3,49325688,2299.871
3,49522337,3100.632
3,49194734,3577.029
3,49456890,3250.543
3,49456892,3214.485
3,49456894,3273.863
3,49063793,3538.536
3,49063794,3409.541
3,49063798,3163.052
3,49063802,3069.594
3,49063994,2208.657
3,49063995,2319.88
3,49522832,2771.707
3,49064108,1938.937
3,49064109,1886.183
3,49064110,1984.723
3,49064111,2185.263
3,49130015,2930.119
3,49130016,2707.279
3,49392307,2001.993
3,49392312,1755.889
3,49064726,805.538
3,49064727,927.632
3,49064728,1007.028
3,49064793,3590.057
3,49064794,3436.935
3,49065095,2243.483
3,49065096,2111.422
3,49065098,1910.345
3,49065099,2008.757
3,49065100,2085.403
3,49065101,2285.017
3,49065102,2389.979
3,49065103,2588.277
3,49065106,2800.608
3,49065108,2904.847
3,49130707,3249.401
3,49130708,3290.667
3,49130710,3197.108
3,49130712,3145.339
3,49130713,3263.877
3,49130715,3372.312
3,49130716,3520.789
3,49130722,3397.118
3,49130725,3312.163
3,49130727,3178.18
3,49130729,3329.234
3,49130731,3583.921
3,49130732,3386.231
3,49261818,3523.566
3,49261826,3461.478
3,49393009,2988.245
3,49393011,3074.47
3,3639324158,3444.696
3,1811066370,3566.7
3,1811066374,3596.887
3,3639324161,3569.391
3,1811066379,3536.982
3,1811066392,3351.156
3,1811066401,3539.514
3,1811066403,3582.836
3,1811066438,2524.354
3,1811066439,2511.748
3,1811066442,2234.771
3,1811066443,2160.312
3,1811066454,2382.635
3,1811066464,2587.079
3,1811066465,2610.912
3,1811066466,2952.734
3,1811066467,3030.948
3,1811066468,3030.572
3,49328052,1901.592
3,49328063,2058.929
3,48934852,2812.299
3,49459383,3459.914
3,49262821,3232.108
3,49262841,3594.074
3,49525260,3113.491
3,49132672,2546.484
3,49132673,2439.683
3,48936066,2234.07
3,49067209,2438.495
3,49067210,2251.877
3,49067211,2011.332
3,49067212,1864.232
3,49460759,1450.856
3,49460762,1372.37
3,49129519,1616.241
3,48936755,1122.525
3,49067839,2800.838
3,4604475409,1677.356
3,49395803,2435.469
3,49395805,2475.643
3,49002693,3572.671
3,49133767,2703.449
3,49133768,2739.327
3,49133770,3060.69
3,49002713,3501.054
3,5626181903,1674.348
3,5269207417,3426.184
3,5269207418,3445.569
3,5269207419,3457.474
3,49068577,1711.248
3,49068578,1795.146
3,49068579,1919.464
3,49068580,2013.409
3,49068581,2116.758
3,49068582,2647.388
3,49068583,2538.458
3,49068586,2306.762
3,49330941,2533.98
3,49330955,2155.264
3,49330971,1979.731
3,49331013,3104.022
3,49069266,2492.942
3,49069267,2534.186
3,49069332,3466.158
3,49069333,3542.716
3,4626759170,2792.271
3,49332053,3433.57
3,49332054,3550.522
3,49725337,2171.696
3,49135738,3015.116
3,49135739,3029.905
3,3403989215,1740.982
3,3403989216,1655.29
3,3403989217,1476.939
3,3403989219,1389.048
3,3403989225,842.175
3,3403989227,736.483
3,3403989229,668.493
3,3403989230,1132.406
3,3403989231,1087.571
3,49332758,2405.998
3,49332761,2680.881
3,4342923956,2923.182
3,4342923957,2913.271
3,4342923962,2895.892
3,4342923963,2884.73
3,49595095,2912.024
3,49595160,3584.493
3,49595407,2609.837
3,48874939,1694.275
3,48874940,1682.075
3,48874943,1613.992
3,49333720,3556.355
3,49333737,3263.013
3,49333740,3048.738
3,49202797,3570.613
3,48875204,2486.472
3,49399545,1374.624
3,49399565,1003.142
3,5151115128,2965.439
3,5151115129,2858.676
3,48940922,2344.853
3,5151115130,2944.12
3,2234369920,1702.543
3,5151115136,2895.151
3,5151115141,2549.684
3,5151115145,2781.99
3,49203199,3018.328
3,49203201,3188.013
3,49203203,3238.301
3,49203204,3288.302
3,49399998,2575.191
3,49399999,2627.777
3,49400001,2759.1
3,49400004,3038.768
3,49400006,3050.927
3,49400008,3135.107
3,49400010,3194.408
3,49400017,3517.017
3,49400344,2332.448
3,49400348,2342.374
3,49400350,2120.985
3,49400353,1951.544
3,49400361,3084.497
3,49400364,2928.492
3,49400376,2391.633
3,49400393,3355.216
3,49400397,3551.185
3,49597113,3188.293
3,49138640,2857.664
3,49138641,2931.957
3,49138643,3096.54
3,49138645,3128.793
3,49138935,2757.691
3,49138943,2402.961
3,49138945,1959.464
3,49138954,2033.74
3,49138971,1269.19
3,49401231,3545.808
3,49401302,2156.924
3,49401304,2241.243
3,49401309,2347.683
3,49401317,2626.024
3,49401349,3411.284
3,49073734,2155.462
3,49073741,2367.358
3,49073822,3071.177
3,49073823,3090.724
3,49467205,1626.443
3,49598346,2629.874
3,49598350,2707.12
3,49598372,3232.759
3,49598380,3556.044
3,4344500243,3147.116
3,1715720364,3233.633
3,1715720366,3127.927
3,1715720371,3040.398
3,1715720374,2875.604
3,1715720381,2789.796
3,1715720385,2623.914
3,1715720390,2531.402
3,1715720400,2529.497
3,1715720405,2614.004
3,1715720408,2777.691
3,1715720415,2863.879
3,1715720421,3028.414
3,1715720426,3117.615
3,1715720428,3224.107
3,49074614,1552.418
3,49074615,1657.179
3,49730019,1964.19
3,49271309,939.491
3,49271311,987.669
3,49075054,1622.297
3,49075055,1777.857
3,49075704,1509.122
3,49075710,1763.838
3,49075717,1562.283
3,48961853,895.433
3,48961854,1444.33
3,49207041,2049.518
3,49207044,2226.186
3,49207046,2298.271
3,49207047,2378.23
3,4341493341,2366.282
3,49403732,3408.405
3,49076085,3295.201
3,49076086,3335.478
3,49076087,3365.477
3,49272834,1316.833
3,49272840,1048.287
3,49731656,2017.783
3,49273223,3528.487
3,49273241,3125.382
3,49273248,3021.71
3,49273254,3334.322
3,3489061287,1452.876
3,3489061288,1525.779
3,49732043,3514.368
3,49273452,1936.268
3,49273455,1844.872
3,3489061582,1397.546
3,3489061585,1491.959
3,49077030,1156.257
3,49077031,1001.792
3,49732564,3582.775
3,49404922,2571.861
3,49404926,2370.397
3,49732773,3086.542
3,49077448,2664.34
3,49077449,2839.496
3,1715723546,2507.708
3,1176427807,2504.709
3,1715723553,2756.115
3,1715723567,3213.296
3,1715723574,3435.078
3,1176427988,2271.479
3,49667541,2786.949
3,1176428001,2315.634
3,1176428028,2490.342
3,1176428046,2356.521
3,1176428053,2689.797
3,1176428059,2883.633
3,1176428097,2895.998
3,1176428138,2703.33
3,1176428216,2368.305
3,49274753,1221.83
3,49274755,1322.385
3,49209341,2432.432
3,49209342,2545.202
3,49209363,2131.987
3,49209509,3097.298
3,49209521,3495.507
3,49144065,2389.766
3,49144070,2310.186
3,49144085,1998.624
3,49144087,1929.231
3,49144089,1934.055
3,49144090,1725.874
3,49144093,1672.756
3,49144095,1526.237
3,49013024,3230.641
3,49144097,1409.702
3,49144100,1521.627
3,5861073210,3584.282
3,5861073212,3493.935
3,5861073214,3532.245
3,5861073250,3530.333
3,5861073252,3570.667
3,49144496,3039.182
3,49144497,3107.748
3,49603317,3228.615
3,49603323,3146.476
3,49668881,2400.115
3,49406776,2772.77
3,49406781,2858.383
3,49144645,3124.945
3,49144647,3333.079
3,49144649,3439.284
3,49406795,2990.636
3,49144653,3564.579
3,49537870,2662.431
3,49537871,2828.91
3,49406801,3038.829
3,49537874,2878.09
3,49406804,3239.591
3,49406812,3335.488
3,49537904,2230.195
3,49341367,1814.084
3,49341369,1929.541
3,49341372,2168.798
3,49341377,2388.568
3,49341380,2782.729
3,49210524,1408.759
3,49210633,3053.181
3,49210637,3149.366
3,49407249,3354.942
3,49407257,2421.648
3,49407278,2361.383
3,49407288,1846.281
3,49407294,1629.395
3,49407296,1551.971
3,3402687858,3392.258
3,3402687860,3334.856
3,49735078,3191.336
3,49407420,3367.814
3,49145376,1835.021
3,49145398,1682.238
3,49145401,1527.729
3,49735266,2404.106
3,418113141,3550.07
3,49407610,723.627
3,49407620,636.562
3,49407638,266.241
3,49407642,150.978
3,49407647,139.017
3,49407651,349.188
3,49342249,3470.565
3,49080198,2175.685
3,49080199,2285.716
3,49080200,2380.176
3,49080201,2517.211
3,49080202,2610.794
3,49080203,2710.57
3,49080204,2769.873
3,49080205,2799.056
3,49080206,2917.569
3,49080207,2967.519
3,49080208,3098.848
3,49080209,3214.461
3,49080210,3307.248
3,49735599,2507.83
3,49522820,2916.071
3,49408018,3582.197
3,49145986,2325.742
3,49735812,3598.144
3,49146000,2061.279
3,3587893403,3122.616
3,3587893410,3265.096
3,3587893418,3159.06
3,49736295,2975.281
3,1176431272,2871.139
3,1176431274,2881.266
3,1176431310,2967.481
3,49081081,2661.094
3,49081089,2854.591
3,1010101591,3475.252
3,1010101592,3522.385
3,1010101594,3577.495
3,49081713,2239.168
3,49081716,2691.059
3,1010101627,3572.119
3,49737086,3469.995
3,1010101657,3363.015
3,49737124,2757.945
3,49737129,2687.926
3,1010101686,3286.875
3,6127611332,2971.408
3,49278497,2744.755
3,49278499,2668.184
3,49278501,2758.601
3,49344041,3564.157
3,1010101807,3597.278
3,4341493327,1660.197
3,4341493329,1730.92
3,4341493337,1989.176
3,4341493343,2484.083
3,49671800,1970.392
3,4341493369,3443.384
3,4341493370,3427.07
3,4341493371,3438.869
3,4341493376,3519.07
3,49671811,1857.607
3,49671813,1764.557
3,49671816,1903.907
3,4341493386,3549.928
3,4341493388,3454.161
3,49606408,2192.102
3,49606409,2317.621
3,49737555,2913.535
3,4341493591,3510.576
3,4341493594,3355.059
3,4341493597,3285.067
3,4341493598,3523.135
3,4341493602,3353.345
3,4341493606,3279.584
3,49672855,2562.645
3,49410892,3264.472
3,49214364,1516.85
3,49214367,1314.321
3,49148948,2961.132
3,1257239815,3366.262
3,49346240,1412.151
3,49346253,1594.577
3,6300825391,2592.998
3,49215389,2673.171
3,49215402,2433.255
3,49215403,2412.891
3,49215414,2063.34
3,49215430,1873.045
3,49674189,3518.325
3,4341626935,3124.856
3,49674302,3015.572
3,4341626943,3340.156
3,4341626949,3352.894
3,4341626951,3314.455
3,4344903943,3422.676
3,49346922,2721.746
3,49346923,2856.993
3,5772737030,2138.862
3,5772737031,2037.222
3,49281646,1298.313
3,49281662,1194.884
3,49347220,2589.344
3,49543971,262.632
3,1715731313,3541.049
3,49740664,3388.479
3,49150911,3528.583
3,5707333155,3422.843
3,5707333156,3479.294
3,49610368,1881.049
3,49610672,832.22
3,49217489,3597.47
3,49217492,3439.774
3,49217495,3294.978
3,49217498,3043.727
3,49217502,2912.389
3,49217503,2781.8
3,49217508,2747.213
4,49348700,2762.213
4,49348702,2940.52
4,49348703,3159.148
4,4341498154,3143.692
4,49480055,1894.941
4,49480060,1957.089
4,49480065,1999.926
4,49480067,2202.243
4,49480069,2402.898
4,49480180,1053.032
4,49480196,2214.383
4,49611356,1894.902
4,49611358,1713.024
4,49611360,1913.421
4,49611362,2114.112
4,49611367,1648.998
4,49611377,1491.743
4,49611378,985.646
4,49611414,2600.366
4,49611416,2296.676
4,49611422,29.392
4,49611425,0
4,49414966,3345.345
4,49414968,3266.426
4,49415074,3184.043
4,49415081,3003.22
4,49415095,3346.545
4,49742796,2126.667
4,49742803,2236.96
4,49743067,2047.663
4,49743070,2245.889
4,49743078,2504.127
4,49743084,1570.78
4,49481105,1647.065
4,49743549,3101.695
4,48957143,3425.464
4,49284827,3530.423
4,49284829,3584.819
4,49350489,3035.103
4,49350491,2593.313
4,49350493,2515.176
4,49350510,1857.498
4,49088818,3326.773
4,1245776257,1040.507
4,275712415,2977.697
4,1245776296,1032.95
4,49088976,1391.138
4,49088979,1556.103
4,49154538,2750.215
4,49154539,2575.306
4,49416703,2055.328
4,49416705,2123.072
4,49220308,3540.72
4,49220347,3319.698
4,49089331,3541.411
4,49089336,1943.863
4,49089338,1752.76
4,49089339,1555.643
4,49089340,1674.789
4,275712850,2968.22
4,48958918,3452.912
4,48958919,3468.125
4,48958922,2489.266
4,48958923,2498.633
4,48958926,2191.982
4,48958927,2183.076
4,48958973,2408.897
4,48958974,2403.593
4,48958976,1800.287
4,275713609,2827.521
4,49548909,1767.166
4,275713681,2857.321
4,49483443,2588.538
4,49155907,2906.909
4,49549125,3334.903
4,49155925,3097.932
4,275713878,2866.44
4,49155982,2690.526
4,49614756,2872.706
4,49745868,2514.429
4,49745887,1924.942
4,49614820,2986.43
4,49221952,3031.245
4,49221954,3102.644
4,49353041,2144.294
4,49353049,3157.371
4,49746277,2952.415
4,49418768,1497.284
4,48894570,2922.159
4,48894571,3284.85
4,287970082,2662.521
4,49353625,2582.193
4,49353628,2818.882
4,49353634,2956.247
4,49353639,3353.121
4,49484714,2717.841
4,49681345,3380.938
4,49419230,2630.06
4,49419232,2686.169
4,49419233,2717.744
4,275715178,2829.087
4,49353836,2413.359
4,49353850,2061.433
4,49091718,3316.908
4,49485376,2430.525
4,49485387,2113.254
4,49485400,1617.84
4,49354557,3262.793
4,4589689227,3208.132
4,49420749,3112.901
4,49224249,1884.7
4,49224250,1970.772
4,49224252,2116.897
4,275716916,3334.695
4,5380381513,2745.438
4,5380381514,2757.075
4,5380381515,2581.294
4,5380381516,2582.095
4,5380381520,2656.329
4,4341505019,3100.459
4,3566279757,3323.556
4,49618288,2195.167
4,4848230120,3259.739
4,4848230421,3302.452
4,4848230422,3384.151
4,4848230423,3345.79
4,4848230425,3303.998
4,49094966,2645.505
4,49094967,2848.27
4,49094968,3000.038
4,49094969,3101.023
4,49094970,3182.415
4,49094971,3250.511
4,49422882,2725.139
4,49422884,2804.23
4,49422892,3015.676
4,275718753,3433.259
4,49750671,3324.107
4,275719065,3414.561
4,49161174,2816.349
4,49357863,2877.397
4,49096112,2566.343
4,49423814,3291.642
4,49423816,3325.558
4,49423833,1887.107
4,49423835,1791.225
4,49423837,1590.784
4,49423840,1348.839
4,49423842,1294.795
4,49423844,1392.909
4,49423847,1791.457
4,49423852,2078.315
4,49423856,2394.225
4,49161838,3564.569
4,4341311257,2582.67
4,4341311272,1872.204
4,4341311273,1816.642
4,49555283,2003.71
4,49555289,2076.661
4,49359158,1499.542
4,49752436,3310.792
4,49097118,3389.097
4,49162850,3382.723
4,49162865,2445.988
4,49162864,2274.082
4,49162877,2748.919
4,49162879,2848.826
4,49162885,2973.504
4,3694144402,2252.496
4,49097809,2581.357
4,49097810,2488.012
4,49097811,2578.595
4,49097812,2103.955
4,49097813,2303.452
4,49097824,2196.989
4,49359994,2536.388
4,49360000,2556.066
4,49360007,2723.291
4,49360013,2790.277
4,49360029,3094.55
4,49360033,3023.286
4,275721486,3500.1
4,4341706135,2448.603
4,4341706139,2506.419
4,4341706141,2609.384
4,4341706146,2615.718
4,49556923,3232.518
4,49098175,2115.168
4,49098184,2054.379
4,49098191,2190.814
4,49556945,3583.022
4,49098193,2081.016
4,49098201,1857.237
4,3215732308,1085.557
4,49164008,2735.154
4,49164011,2730.162
4,3534237475,3337.447
4,3534237477,3535.698
4,49098569,2993.952
4,49098573,2908.776
4,49557360,2596.109
4,49557362,2628.387
4,49557376,2904.356
4,48967593,3094.316
4,48967632,3514.54
4,49229816,2182.528
4,49229817,2582.013
4,49229818,2676.425
4,49229819,2824.134
4,49229822,2986.608
4,49229824,3152.562
4,49229827,3390.439
4,49426481,3543.105
4,49426489,2854.194
4,49426501,1950.912
4,49426515,1991.171
4,49426522,1777.274
4,49426523,1576.04
4,49623133,1186.541
4,49623141,887.118
4,49426568,2354.4
4,49426569,2505.918
4,49426570,2757.008
4,49426577,3161.575
4,49623235,2200.392
4,49623238,2340.69
4,49099218,3556.317
4,49099221,3354.344
4,49099222,3255.217
4,49099223,3205.92
4,49099225,2797.816
4,49099227,2395.096
4,49099228,1995.391
4,49099226,2595.576
4,49099229,2173.443
4,49099230,1983.588
4,49099231,2169.986
4,49099232,2349.967
4,49099273,3169.164
4,49099274,3552.142
4,49099272,2765.22
4,5896399411,1800.112
4,5896399412,1818.255
4,5896399413,1975.775
4,5896399414,1988.606
4,49099523,2658.177
4,49099524,3057.127
4,49099531,3088.732
4,49099534,2543.228
4,49099537,3122.776
4,49099538,2739.833
4,49099539,2751.035
4,49099540,2563.099
4,49099541,2356.164
4,49099552,2213.48
4,49099553,2326.06
4,49099557,3443.574
4,49099558,3240.897
4,49099559,2295.451
4,49099560,2436.072
4,49099561,1508.269
4,49099562,1471.965
4,49099563,1547.992
4,48968693,1775.806
4,48968694,1797.553
4,49165527,3567.846
4,49165544,3176.144
4,49624347,3087.387
4,49100136,3552.434
4,49100137,3592.809
4,49100166,2750.876
4,49690019,3305.433
4,49166174,2394.611
4,49166182,2323.743
4,49166186,2406.477
4,3590731934,2939.317
4,3590731935,2942.927
4,3590731939,2905.673
4,3590731940,2885.627
4,49101486,2493.9
4,49101495,2238.252
4,49101499,2175.459
4,49101500,2136.741
4,49101501,2496.196
4,49560796,2468.705
4,49364355,1980.076
4,48971160,3522.593
4,49430882,1171.479
4,49430903,910.073
4,49299862,3241.521
4,49299866,2983.431
4,49299868,3339.786
4,49299869,3440.926
4,49299873,2899.748
4,49299882,3142.294
4,49299898,2705.234
4,49299961,1319.508
4,49299964,1717.401
4,49431269,3542.742
4,49431278,3405.611
4,49431281,3328.182
4,49431282,3241.091
4,49234695,2882.363
4,49234697,2814.263
4,49103994,2039.444
4,49103996,2099.079
4,49104002,2344.077
4,49104006,2455.832
4,49431694,1967.286
4,49431696,1923.22
4,5151147221,2619.816
4,5151147222,2488.929
4,5151147224,2713.799
4,5151147227,2751.147
4,49628596,2494.826
4,49300944,3350.318
4,49104780,2653.745
4,49104781,2732.203
4,49104782,2776.48
4,49432610,2397.912
4,49432613,2300.836
4,49432614,2397.75
4,49280295,3104.356
4,49280296,3190.798
4,49432951,2490.149
4,49280299,3518.677
4,49498498,2280.004
4,49498508,1846.163
4,49498511,1911.798
4,49498516,3333.507
4,49432989,2909.654
4,49432993,2625.687
4,49039804,2561.677
4,5380372715,2641.921
4,49236745,2555.835
4,49236768,2463.945
4,49433384,2700.168
4,49236776,2270.747
4,49433388,1690.375
4,49433389,1583.929
4,49236790,2642.674
4,49433399,1395.757
4,49433403,1715.022
4,49433425,2574.251
4,49236821,2952.508
4,49236824,2674.233
4,49433501,3386.702
4,49630280,3278.96
4,49630289,3170.705
4,49106241,987.475
4,49106243,854.192
4,49106245,718.067
4,49106247,585.111
4,49106249,786.767
4,49106248,687.875
4,49106250,885.438
4,49106251,1393.12
4,49106252,1481.18
4,49106253,1634.443
4,49106255,1585.504
4,49106256,1550.798
4,49106257,1389.266
4,49106258,2486.449
4,49106261,2640.125
4,49106262,2716.972
4,49302917,3544.631
4,1741835684,2851.068
4,1741835690,3110.4
4,1741835696,3432.768
4,1741835700,2897.987
4,49303849,1444.291
4,49303851,1256.13
4,1813467643,3564.207
4,1813467646,3155.375
4,1813467648,2753.764
4,1813467650,2549.648
4,1813467652,2362.498
4,1813467654,2182.956
4,3586085449,2676.984
4,3586085452,2742.174
4,6024745671,2457.781
4,49697585,2844.734
4,49108376,2231.099
4,49108379,2607.076
4,49371080,1972.594
4,49371082,1873.824
4,4848310242,3175.71
4,4848310243,3332.768
4,49502738,296.546
4,49109546,3023.24
4,49109547,2827.844
4,49109548,2762.543
4,49109554,2543.317
4,49109555,2533.137
4,49109564,2182.23
4,49109565,2095.581
4,49109566,1989.379
4,49109567,1784.981
4,49109568,1590.409
4,49109574,1481.295
4,49109579,1372.855
4,49109581,3497.256
4,49109594,1260.096
4,49109595,1254.907
4,49109596,1324.409
4,49109597,1577.427
4,49109598,1775.657
4,49109599,1841.833
4,49109600,2180.661
4,49109601,2381.682
4,49109602,2481.489
4,49109603,2626.114
4,49109604,2706.072
4,49109605,2789.458
4,49109607,2871.311
4,49109608,2951.085
4,49109610,3193.482
4,49109612,3531.866
4,49109626,3483.231
4,49175188,2640.627
4,49175202,2449.044
4,49175209,2660.362
4,49175212,2732.902
4,49175216,2808.317
4,49633975,2840.866
4,49633992,3471.69
4,49109792,2205.617
4,49175371,781.408
4,4848311244,3171.179
4,4848311246,3273.657
4,49634546,923.36
4,49634547,798.364
4,49110269,3256.473
4,49634559,2779.878
4,49110272,3320.353
4,49634563,2156.109
4,49110275,3449.975
4,49634568,1891.854
4,49110281,2858.605
4,49634571,1842.257
4,49110284,3102.793
4,49634573,1752.737
4,49634575,1713.88
4,49634580,1354.845
4,4633353495,2505.906
4,49634591,2325.567
4,49634592,2526.198
4,49634593,2624.027
4,49634595,2677.34
4,49634598,2931.706
4,49634626,3458.666
4,49765875,2180.875
4,49570155,3062.805
4,49570320,2532.931
4,49570326,2278.813
4,5862744615,3352.947
4,49504811,2498.963
4,49504817,1916.106
4,49504841,2728.315
4,49504844,2769.843
4,49504877,760.016
4,49099219,3452.77
4,49099220,3405.549
4,49099224,3153.112
4,48915235,3430.337
4,4848313181,3497.391
4,49243098,3000.712
4,49308711,3249.414
4,49308713,3213.832
4,49374329,2802.112
4,49308810,2693.103
4,49112275,1432.983
4,49112276,1278.568
4,49112280,1039.167
4,49112282,2657.257
4,49112283,1781.827
4,49112281,2540.5
4,49112284,1865.41
4,49112286,2022.937
4,49112287,3031.315
4,49112288,3109.774
4,48982099,1286.453
4,49505588,3021.999
4,49505590,2845.885
4,49571416,3525.544
4,49112776,2751.895
4,49178411,2764.655
4,49178413,3161.109
4,49178416,2620.836
4,49178422,2421.493
4,49178430,3213.925
4,49178432,2829.825
4,49112904,3135.1
4,49112906,2808.585
4,49112908,2604.599
4,49112909,2496.209
4,49112912,2200.476
4,49112914,2099.586
4,49112915,1997.654
4,49112916,1895.927
4,49112917,1746.106
4,49112919,1454.887
4,49112926,784.946
4,49112928,382.289
4,49112930,194.014
4,49112931,265.036
4,49112932,358.148
4,49112934,410.304
4,49112942,1456.45
4,49112955,1845.852
4,49112956,2048.014
4,49112957,2249.566
4,49112958,2389.108
4,49112959,2451.648
4,49112961,2654.787
4,49112962,3057.599
4,49112965,3378.155
4,4612122590,3354.244
4,48982098,1296.865
4,48982279,1428.341
4,49099532,2344.129
4,49099536,2344.558
4,49386108,795.049
4,48982278,1435.992
4,49047815,2551.75
4,49047816,2349.128
4,49047817,2305.582
4,49047818,2393.5
4,49047821,2044.046
4,49047822,1751.872
4,49047827,2048.153
4,49386126,502.164
4,5380372709,2459.691
4,4341394502,3329.723
4,5380372713,2555.133
4,278948963,2956.68
4,49573211,3121.681
4,49245842,3169.198
4,49639170,2871.612
4,49639176,1753.212
4,49049410,2395.346
4,49049418,3038.282
4,49049419,3118.374
4,49049420,3221.583
4,49112901,3463.418
4,49112902,3362.648
4,49112903,3211.136
4,49112905,3074.464
4,49112907,2669.971
4,49112910,2403.289
4,49115120,2661.942
4,49112920,1333.733
4,49112921,1315.584
4,49112922,1190.698
4,49112924,938.91
4,49112925,883.703
4,49112927,482.623
4,49112929,248.283
4,49049839,3523.349
4,49049844,3394.333
4,49180961,1946.58
4,49180969,2141.917
4,49180979,2263.221
4,49180987,2600.5
4,49180990,2679.3
4,49180992,2768.834
4,49180993,2870.542
4,49115518,3246.661
4,49115519,3042.264
4,49115520,2849.967
4,49115525,1923.039
4,49115578,3073.637
4,49181201,3159.35
4,49115721,1818.037
4,49115729,1647.054
4,1240495027,3465.362
4,1240495028,3524.587
4,49116126,3569.903
4,49116133,3126.828
4,49116136,3460.488
4,49116137,3362.883
4,49116138,3443.492
4,49116134,3173.042
4,49116135,3351.208
4,49116146,3470.836
4,49312822,3436.096
4,49312830,3574.685
4,1744991310,2952.996
4,1744991314,2849.505
4,1744991317,3147.84
4,49509506,3058.282
4,49509510,2091.996
4,49509521,2018.523
4,49181896,3507.419
4,49181939,3203.124
4,49100152,2230.966
4,49100153,2155.801
4,49100154,2078.774
4,49100155,1994.66
4,49100156,1842.881
4,49100157,1775.804
4,49100158,1754.43
4,49100159,1691.725
4,49100160,1595.543
4,49100161,2142.681
4,49100163,2346.051
4,49100162,2281.261
4,49100168,2955.207
4,49100170,3389.322
4,49247619,974.717
4,49247634,1164.537
4,49051172,3339.598
4,49051177,3226.485
4,1240495667,3241.272
4,1240495675,3227.013
4,49182319,3389.602
4,49444557,2735.01
4,49641485,3551.489
4,49510458,3589.647
4,49117403,3592.773
4,49117438,3000.658
4,49117447,3161.852
4,49707505,2735.94
4,49052305,2228.403
4,49052306,2100.449
4,49052307,1908.346
4,49052308,1712.428
4,49052309,1507.119
4,4848319286,3508.597
4,49445954,3090.152
4,49052803,1415.082
4,49052804,1498.531
4,48987389,1778.708
4,49773904,2437.55
4,49773912,2829.579
4,49773939,1649.44
4,49643061,1846.412
4,49643077,3270.541
4,49577909,2031.722
4,49577910,1898.887
4,49578046,2785.78
4,49578050,2789.17
4,49119402,3596.296
4,49381795,2060.479
4,49381799,2364.972
4,49381806,2757.722
4,49381809,2941.121
4,49381811,3032.331
4,49381812,3121.415
4,49381816,3300.961
4,49381813,3210.595
4,49381817,3394.306
4,49381820,3577.159
4,49381851,2760.65
4,49709640,1933.225
4,49709662,3073.65
4,49119846,3453.325
4,49578767,2874.558
4,5556831059,1790.72
4,4341269495,2934.293
4,4341269496,2922.036
4,49775755,2082.257
4,49710228,3506.002
4,49054946,1170.398
4,49054947,1268.778
4,49054948,1359.466
4,49054949,1530.008
4,49054950,1688.906
4,49054951,1818.02
4,49054952,1927.212
4,49054953,2018.929
4,49054954,2097.583
4,49054956,2261.362
4,49054955,2179.417
4,49054958,2330.708
4,49054959,2411.706
4,49054960,2505.563
4,49579280,3083.86
4,49448436,2703.98
4,49448439,1525.446
4,49448443,866.09
4,49448445,421.613
4,49448447,91.782
4,49448448,155.547
4,49448460,2107.068
4,49448459,1994.83
4,49514150,3416.204
4,49514304,3004.42
4,49055575,3465.51
4,48990317,3084.225
4,48859333,2724.37
4,48859334,2673.929
4,49777030,3001.857
4,49318338,2217.196
4,49121979,1614.256
4,49121983,1614.247
4,49121987,1697.463
4,49121992,1854.212
4,49122003,2360.106
4,49122007,2544.57
4,49122008,2992.276
4,49122013,3288.877
4,49056511,1909.326
4,49056512,1720.379
4,5755407143,2289.789
4,5755407144,2317.952
4,5755407145,2306.499
4,49056576,3239.194
4,49056577,3402.902
4,49777813,2311.606
4,49777818,2694.618
4,49056942,2020.927
4,49056943,1898.548
4,49581394,3385.285
4,49188286,2443.299
4,49188288,2252.887
4,49057280,2586.786
4,49057296,2291.26
4,49057295,1897.008
4,49057297,2065.706
4,49057298,1872.996
4,6050254514,3143.421
4,6050254515,3573.855
4,49254080,3260.159
4,49254084,3333.446
4,49254095,2951.483
4,49254106,2201.614
4,49254113,2153.606
4,49254118,2076.374
4,49254120,1967.589
4,49254124,3050.123
4,49254139,2747.607
4,49254141,2664.782
4,49254142,2622.805
4,49254154,3045.417
4,49254161,2439.876
4,49254170,2318.712
4,49254172,2276.501
4,49254192,3089.818
4,49647590,2286.182
4,49319973,2910.973
4,49057946,3408.36
4,49057947,3320.882
4,49647774,1497.967
4,49451325,3521.863
4,49713708,2778.632
4,49386210,1084.921
4,49386216,2469.404
4,49386220,3104.336
4,49386221,2703.013
4,49386226,2558.452
4,49386228,2408.631
4,49320750,2908.352
4,49320752,2988.361
4,49320756,3071.75
4,1739952973,2675.896
4,49714412,2965.628
4,49059154,3021.22
4,49124741,3401.396
4,49190382,2525.416
4,49190383,2466.039
4,49088817,3411.332
4,49321562,1532.916
4,49321565,1582.505
4,49518494,3104.794
4,49518497,3023.815
4,49518517,3032.953
4,49518535,3065.367
4,49059884,3403.391
4,49453136,1718.601
4,49453138,1509.461
4,49453142,1806.776
4,49322112,2166.065
4,49322114,2292.775
4,49322115,2321.403
4,49322116,2386.746
4,49322118,2572.931
4,49322113,2227.482
4,49322128,3204.744
4,49387669,2307.022
4,49322134,3047.506
4,49060232,1725.674
4,49060233,1658.13
4,5753117271,3506.585
4,49257247,2556.852
4,49257249,2671.677
4,49258066,3326.393
4,49258067,3251.112
4,49782551,2835.27
4,49454917,2283.16
4,49454991,1240.927
4,49455048,1659.376
4,49455050,1924.524
4,49455053,1682.052
4,49455075,2694.973
4,49586172,3178.307
4,49389646,2380.069
4,49389649,2491.416
4,49089332,2511.602
4,49089333,2590.386
4,49089335,2154.352
4,49652319,2642.517
4,49259507,2529.65
4,49259512,2684.576
4,49245845,3245.216
4,49245847,3298.185
4,49245849,3486.054
4,49194108,2661.849
4,49194110,2719.16
4,49718502,3256.563
4,49718525,2877.558
4,49653369,2617.856
4,49653371,2672.232
4,49194645,3532.676
4,49194646,3565.179
4,49194648,3477.05
4,49063998,2656.359
4,49063999,2856.733
4,49719437,3218.23
4,49719439,2118.047
4,49064093,2184.597
4,49064094,2382.881
4,49064095,3310.872
4,49064096,3411.524
4,49064097,3134.645
4,49064098,3098.193
4,49064099,3025.036
4,49064100,2932.009
4,49064112,2599.653
4,49064113,2201.01
4,49064121,2396.327
4,49064122,2312.027
4,49195312,3525.632
4,49195314,3456.176
4,49326465,2496.793
4,49326467,2594.738
4,49326483,2709.486
4,49326486,2642.315
4,49130098,2966.735
4,49130099,3097.873
4,49327111,3133.334
4,49327112,2881.47
4,49720575,2810.911
4,49720581,2050.282
4,49720589,2192.991
4,49065328,2566.942
4,49065332,2626.386
4,49065333,2654.97
4,49786702,1915.832
4,49131350,1716.853
4,49131366,1360.092
4,49131370,2345.573
4,49131374,2193.717
4,49131376,3148.447
4,49786759,2746.45
4,49065961,2789.838
4,49131721,3558.463
4,49131928,1428.166
4,49131943,1708.283
4,49590703,3462.487
4,49656617,3235.516
4,49656618,3248.781
4,49656619,3287.7
4,49525886,2321.371
4,49525924,2221.439
4,3643323690,3537.747
4,49067498,2675.566
4,49067508,2888.797
4,49067510,2846.223
4,49067512,2932.862
4,3581916699,3078.101
4,3581916702,2995.772
4,3581916705,2915.111
4,3581916706,2835.921
4,3581916708,2746.259
4,3581916710,2646.211
4,3581916711,2603.121
4,3581916712,2505.756
4,49395529,1422.432
4,49395535,1620.969
4,4341413740,3053.707
4,4341413741,2972.005
4,4341413748,3049.176
4,4341413753,3154.686
4,4341413754,3215.421
4,4341413761,3195.533
4,4341413772,3266.462
4,1739504099,3242.633
4,49068712,1980.711
4,49068713,2158.901
4,49068714,2246.03
4,49068715,2426.179
4,49068716,2620.344
4,49068717,2626.7
4,49068718,2715.3
4,49068719,2870.311
4,49068720,2956.327
4,49068721,3030.046
4,49068722,3230.004
4,49068723,3287.592
4,49068724,3416.884
4,49068727,3511.086
4,49068728,3599.999
4,49069191,1289.237
4,49069200,1614.663
4,49266265,3315.339
4,49659803,2792.684
4,49725508,3364.343
4,49136559,2996.885
4,49136564,3057.158
4,49136567,3031.282
4,49136569,2943.364
4,49136576,2766.663
4,49136579,2596.419
4,49136587,2598.322
4,49136603,2805.382
4,49136608,2945.597
4,49136613,3067.548
4,49136615,3256.372
4,49136617,3334.263
4,49136628,3570.049
4,4621452305,2259.633
4,49202434,2716.657
4,49202438,2425.072
4,49661382,2794.077
4,49661387,2942.384
4,49399572,3262.686
4,49399585,2233.895
4,49399588,1830.504
4,49661752,1951.069
4,49072120,2335.172
4,49072121,2501.089
4,49334527,2085.322
4,49334532,2186.061
4,49334533,2102.557
4,49334534,2123.28
4,49662248,2449.727
4,49662250,2641.821
4,49531299,2331.544
4,49531319,2622.249
4,49531323,2019.713
4,49531354,1936.364
4,4614638072,3289.696
4,4614638078,3129.309
4,49204051,3328.078
4,49204056,3403.439
4,49204058,3386.647
4,49204063,3240.482
4,49204064,3317.455
4,49074122,2753.408
4,49074123,2755.57
4,49074124,2857.722
4,49074125,2961.504
4,49074126,3071.64
4,49074127,2729.983
4,49270797,2778.461
4,49271121,3066.015
4,49271124,3146.333
4,49730079,3162.262
4,5709746840,3189.703
4,5709746839,3341.56
4,49665325,3277.783
4,49665336,3583.956
4,49075541,2969.969
4,49075546,3229.452
4,4341356338,2538.902
4,4341356340,2510.672
4,49338306,2936.046
4,49338309,2936.046
4,49338307,2847.386
4,49338312,3023.126
4,49338315,3112.89
4,49338317,3208.899
4,49338331,3393.695
4,49731669,1122.212
4,49731680,1679.518
4,49142227,1827.377
4,49142235,2185.577
4,49076707,2541.059
4,49076710,2698.732
4,4589804598,2052.731
4,4589804599,2248.796
4,49142958,3297.085
4,48946597,3232.919
4,48946598,3280.197
4,48946624,2798.303
4,48946623,2801.267
4,4587707859,1128.348
4,4587707863,1219.146
4,3573013993,3557.528
4,1509220027,2710.964
4,1509220028,3071.468
4,49274759,3052.741
4,49274761,2858.521
4,49340406,2428.527
4,4341490018,3539.725
4,4589740690,3191.557
4,4589740692,3395.396
4,48884329,2853.288
4,49472377,3505.634
4,49472379,3599.533
4,49210309,3007.839
4,49734614,3438.565
4,278979553,2896.644
4,49341411,2877.853
4,49341421,2819.784
4,49669293,2816.422
4,4848280750,3514.564
4,4848280751,3552.798
4,49669304,3323.602
4,49407174,3468.887
4,49210646,2457.501
4,48948922,2398.774
4,48948923,2425.029
4,48948924,1939.76
4,48948925,1927.22
4,48948926,1726.644
4,48948928,2034.452
4,48948927,1737.267
4,48948929,2055.588
4,48948931,2148.704
4,48948930,2112.724
4,49539000,1795.405
4,49539006,1913.937
4,49539037,2298.216
4,49539038,2350.129
4,49539039,523.441
4,49539052,1426.161
4,49080323,2449.731
4,49539079,1983.33
4,49539081,2184.158
4,49539082,2384.484
4,49539086,2406.726
4,49539087,2501.321
4,49539107,2764.074
4,49539114,917.428
4,49539117,1998.251
4,49014919,3008.812
4,49014920,2803.647
4,49604833,2801.091
4,49604835,2852.878
4,49277298,1206.962
4,49277301,1172.551
4,49277304,1083.432
4,49080857,3559.43
4,49080858,3339.53
4,49080860,3154.474
4,49080861,2949.233
4,49080862,2751.116
4,49080863,2637.834
4,49080865,2537.774
4,49080867,2513.289
4,49080868,2458.074
4,49080871,2105.32
4,49080872,1951.071
4,49080875,1592.425
4,49080874,1730.678
4,49080876,1187.639
4,49080877,987.058
4,49080878,784.663
4,49080880,770.318
4,49080881,1174.453
4,49080884,1578.389
4,49080887,1981.787
4,49080895,2960.062
4,49080892,2790.81
4,49080900,3518.867
4,49080897,3194.713
4,49080898,3339.409
4,48884330,3340.547
4,49670994,2666.723
4,49670998,3128.722
4,49081237,907.042
4,49081238,1012.162
4,49081242,1008.596
4,49081245,949.285
4,49081249,810.274
4,48950235,2131.29
4,48950236,2241.659
4,48950242,2490.774
4,48950243,2452.324
4,49343475,3422.059
4,49343505,2928.856
4,49343507,2989.288
4,49147018,483.961
4,49147020,583.951
4,49147022,682.624
4,49147024,1187.611
4,49147028,1351.376
4,49147029,1430.74
4,49147031,1590.103
4,49147033,1678.74
4,49147036,1823.875
4,49147046,2264.418
4,49147048,2277.794
4,49147051,2427.683
4,49147053,2434.357
4,49147055,2510.726
4,49147059,2980.426
4,49147096,842.288
4,49409261,2794.609
4,49106254,1795.357
4,49409265,3008.016
4,49409281,2756.404
4,49147143,3124.155
4,49147145,3230.658
4,49409374,2797.752
4,3588550084,1907.525
4,49147483,2760.079
4,49540778,3317.243
4,49213489,3416.462
4,49213496,3282.901
4,49213502,3192.191
4,49213509,3386.218
4,49082507,2719.11
4,49344871,3546.729
4,49344877,3156.079
4,49344879,3052.669
4,49344885,2647.646
4,49344889,2547.999
4,49344900,2296.349
4,49344905,1993.155
4,49344916,1588.767
4,49344920,1486.042
4,49344928,1330
4,49344930,1334.821
4,49344935,1173.51
4,49344942,1576.046
4,49344948,1979.118
4,49344954,2383.292
4,49344957,2643.012
4,49344959,2785.096
4,49345042,2474.86
4,49345044,2576.481
4,49345059,1919.34
4,49345061,1857.828
4,49345063,1854.065
4,49345064,1653.509
4,49410786,2590.184
4,49476341,3093.56
4,49476360,1995.808
4,49476362,1999.653
4,49476364,1599.403
4,4341298361,2063.213
4,49083656,3026.687
4,49083658,2960.752
4,49083662,2875.517
4,49083664,2792.911
4,49083670,2550.384
4,49083671,2651.035
4,49083672,2894.212
4,49083673,2938.416
4,49083680,2392.046
4,49083681,2301.91
4,49083683,2516.429
4,49083684,2617.501
4,49083685,2705.708
4,49083682,2537.967
4,49083691,3028.21
4,49083694,3236.386
4,49083695,3325.39
4,49083696,3412.781
4,49083697,3503.336
4,49083698,3595.416
4,49149230,2047.371
4,49149245,1903.715
4,49083758,2086.855
4,49083762,1906.332
4,49083767,1676.584
4,49083768,2372.599
4,49083769,2293.066
4,49214877,3361.575
4,49214885,1437.977
4,49214888,1513.101
4,1245771294,802.487
4,1245771295,772.148
4,1245771305,856.863
4,1245771309,888.227
4,4848220051,3561.336
4,4848220052,3523.337
4,5380372698,2517.342
4,5380372703,1952.4
4,5380372704,2106.466
4,5380372705,2156.93
4,5380372708,2358.538
4,5380372719,1861.235
4,48953636,2778.657
4,48953637,3206.196
4,5896403274,3186.675
4,5896403275,3189.984
4,49080869,2357.309
4,49080870,2155.67
4,49080873,1809.675
4,49080888,2181.738
4,49080890,2386.323
4,49675358,1520.005
4,5748948170,3083.028
4,48954597,3010.761
4,48954598,3021.046
4,49675541,2673.702
4,3581738353,3564.757
4,3581738363,3183.151
4,3308781080,1206.029
4,3308781081,1959.301
4,49282746,2659.519
4,49282747,2606.266
4,49282748,2525.293
4,49282750,2373.406
4,49282751,2284.85
4,49282757,2196.009
4,49282759,2302.798
4,49282763,2551.242
4,49282765,2750.452
4,49282767,3153.243
4,49282769,3358.446
4,49282885,2206.515
4,49282889,2334.76
4,49719418,2867.303
